fragility_id_regex,component_type,spirit_of_damage,ds_index,sub_ds_index,is_sim_ds,time_lower_quantity,time_upper_quantity,original_fft,safety_class,affects_envelope_safety,exterior_falling_hazard,interior_falling_hazard,global_hazardous_material,local_hazardous_material,affects_access,damages_envelope_seal,obstructs_interior_space,impairs_system_operation,fraction_area_affected,area_affected_unit,crew_size,permit_type,redesign,long_lead,requires_shoring,resolved_by_scaffolding,tmp_repair_class,tmp_repair_time_lower,tmp_repair_time_upper,tmp_crew_size
B1029\.1\w+,Flexible Wood Diaphram for Tilt-Up Roof Systems,Tearing of roofing materails and flashing at supports. Some nail slippage and withdrwal at the diaphragm center and corners.,1,NA,0,200,1600,0,0,0,0,0,0,0,0,0,0,0,0,NA,4,full,0,0,0,0,0,0,0,0
B1029\.1\w+,Flexible Wood Diaphram for Tilt-Up Roof Systems,"Nails pull out, framing splitting and plywood tearing extends into the diaphragm.",2,NA,0,200,1600,1,1,0,0,0,0,0,0,0,0,0,0.25,building,6,full,1,0,0,0,0,0,0,0
B1029\.1\w+,Flexible Wood Diaphram for Tilt-Up Roof Systems,"In addition to damage described for DS1 and DS2, plywood panels pull free of sub-framing and framing splits over approximately 25% of the diaphragm span at each diaphragm support.",3,NA,0,200,1600,1,2,0,0,1,0,0,0,0,1,0,0.25,building,6,full,1,0,0,0,0,0,0,0
B1029\.3\w+,Flexible Steel Diaphram for Tilt-Up Roof Systems,Minor deformations in roof diaphragm connections or hairline cracks in many welded roof connections. Isolated weld or bolt connection failure possible at diaphragm ends. ,1,NA,0,200,1600,0,0,0,0,0,0,0,0,0,0,0,0,NA,4,full,0,0,0,0,0,0,0,0
B1029\.3\w+,Flexible Steel Diaphram for Tilt-Up Roof Systems,A few welded connections may exhibit major cracks through welds or a few bolted connections may exhibit broken bolts or enlarged bolt holes mainly toward the end roof regions.,2,NA,0,200,1600,1,1,0,0,0,0,0,0,0,0,0,0.25,building,6,full,1,0,0,0,0,0,0,0
B1029\.3\w+,Flexible Steel Diaphram for Tilt-Up Roof Systems,"In addition to damage described for DS1 and DS2, some connections may have exceeded their ultimate capacity exhibited by major permanent member rotations at connections and failed connections. Partial collapse of portions of the roof structure due to failed end connections.",3,NA,0,200,1600,1,2,0,0,1,0,0,0,0,1,0,0.25,building,6,full,1,0,0,0,0,0,0,0
B1029\.2\w+,Out-of-plane wall to diaphragm connection for Tilt-Up Roof Systems,Connections fail at one to several bays near the in-plane walls causing the bay nearest the out-of-plane wall to collapse into the building.,1,NA,0,2,8,1,3,0,0,1,0,0,0,0,1,0,0.25,building,6,full,1,0,1,0,0,0,0,0
B1029\.2\w+,Out-of-plane wall to diaphragm connection for Tilt-Up Roof Systems,Connections fail along an entire wall line precipitating collapse of the wall outward and the diaphragm to the floor of the building.,2,NA,0,2,8,1,3,0,0,1,0,0,0,0,1,0,0.5,building,6,full,1,0,1,0,0,0,0,0
B1031\.00\w+,Bolted Shear Tab gravity connections for Steel Columns,"Yielding of shear tab and elongation of bolt holes, possible crack initiation around bolt holes or at shear tab weld.  Damage in field is either obscured or deemed to not warrant repair.  No repair conducted.",1,1,0,5,20,0,0,0,0,0,0,0,0,0,0,0,0,NA,4,full,0,0,0,0,0,0,0,0
B1031\.00\w+,Bolted Shear Tab gravity connections for Steel Columns,"Yielding of shear tab and elongation of bolt holes, possible crack initiation around bolt holes or at shear tab weld.",1,2,0,5,20,1,0,0,0,0,0,0,0,0,0,0,0,NA,4,full,1,0,0,0,0,0,0,0
B1031\.00\w+,Bolted Shear Tab gravity connections for Steel Columns,Partial tearing of shear tab and possibility of bolt shear failure (6-bolt or deeper connections).,2,NA,0,5,20,1,3,0,0,1,0,0,0,0,1,0,1,bay,6,full,1,0,1,0,5,3,3,3
B1031\.00\w+,Bolted Shear Tab gravity connections for Steel Columns,"Complete separation of shear tab, close to complete loss of vertical load resistance.",3,NA,0,5,20,1,3,0,0,1,0,0,0,0,1,0,1,bay,6,full,1,0,1,0,5,3,3,3
B1031\.01\w+,Steel Column Base Plates,Initiation of crack at the fusion line between the column flange and the base plate weld.  Damage in field is either obscured or deemed to not warrant repair.  No repair conducted.,1,1,0,5,20,0,0,0,0,0,0,0,0,0,0,0,0,NA,4,full,0,0,0,0,0,0,0,0
B1031\.01\w+,Steel Column Base Plates,Initiation of crack at the fusion line between the column flange and the base plate weld.,1,2,0,5,20,0,0,0,0,0,0,0,0,0,0,0,0,NA,4,full,0,0,0,0,0,0,0,0
B1031\.01\w+,Steel Column Base Plates,Propagation of brittle crack into column and/or base plate.,2,NA,0,5,20,1,2,0,0,0,0,0,0,0,0,0,0,NA,6,full,1,0,0,0,0,0,0,0
B1031\.01\w+,Steel Column Base Plates,Complete fracture of the column (or column weld) and dislocation of column relative to the base.,3,NA,0,5,20,1,3,0,0,0,0,0,0,0,0,0,0,NA,6,full,1,0,1,0,0,0,0,0
B1031\.02\w+,Welded Column Splices,Ductile fracture of the groove weld flange splice.   Damage in field is either obscured or deemed to not warrant repair.  No repair conducted.,1,1,0,5,20,0,0,0,0,0,0,0,0,0,0,0,0,NA,4,full,0,0,0,0,0,0,0,0
B1031\.02\w+,Welded Column Splices,Ductile fracture of the groove weld flange splice.,1,2,0,5,20,1,0,0,0,0,0,0,0,0,0,0,0,NA,4,full,1,0,0,0,0,0,0,0
B1031\.02\w+,Welded Column Splices,DS1 followed by complete failure of the web splice plate and dislocation of the two column segments on either side of the splice.,2,NA,0,5,20,1,3,0,0,0,0,0,0,0,0,0,0,NA,6,full,1,0,1,0,0,0,0,0
B1033\.[12]\w+,Buckling Restrained Steel Braces,Fracture of brace or gusset. Buckling of gusset. Severe yielding of beams and columns adjacent to the gusset with possibility of local buckling and cracking in the yielded areas. Severe loss of lateral resistance.,1,NA,0,5,20,1,2,0,0,0,0,0,0,0,0,0,0,NA,6,full,1,0,0,0,0,0,0,0
B1033\.0([012]\w+|33[abc]),SCBF (WF Braces/HSS),Buckling of the brace has begun but does not exceed the depth of the brace.  Initial yielding of the gusset has begun.  Yielding has initiated in framing at gusset plates but no buckling has occurred.  Residual deformation of the brace has occurred but is barely noticeable to the naked eye and does not exceed half the brace depth.  Residual drift is slight.,1,NA,0,varies,varies,0,0,0,0,0,0,0,0,0,0,0,0,NA,4,full,0,0,0,0,0,0,0,0
B1033\.0([012]\w+|33[abc]),SCBF (WF Braces/HSS),Buckling of brace in excess of the brace depth.  Initiation of yielding and out-of-plane deformation of the gusset.  Initiation of cracking of welds of gusset.  Initiation of yielding in beams and columns adjacent to gusset.,2,NA,0,varies,varies,1,1,0,0,0,0,0,0,0,0,0,0,NA,6,full,1,0,0,0,0,0,0,0
B1033\.0([012]\w+|33[abc]),SCBF (WF Braces/HSS),Buckling of brace in excess of 2 times brace depth. Yielding and out-of-plane deformation of gusset. Cracking and tearing of welds and gussets adjacent to welds but crack length is less than critical for fracture. Significant yielding and local buckling in beams and columns adjacent to gusset.,3,NA,0,varies,varies,1,2,0,0,0,0,0,0,0,0,0,0,NA,6,full,1,0,0,0,0,0,0,0
B1033\.0([012]\w+|33[abc]),SCBF (WF Braces/HSS),Fracture of brace or gusset.  Buckling of gusset.  Severe yielding of beams and columns adjacent to the gusset with possibility of local buckling and cracking in the yielded areas.,4,NA,0,varies,varies,1,2,0,0,0,0,0,0,0,0,0,0,NA,6,full,1,0,0,0,0,0,0,0
B1033\.03[1-2][a-c],SCBF designed to AISC minimum standards,Buckling of brace in excess of the brace depth.  Initiation of yielding and out-of-plane deformation of the gusset.  Initiation of cracking of welds of gusset.  Initiation of yielding in beams and columns adjacent to gusset.,1,NA,0,3,10,1,1,0,0,0,0,0,0,0,0,0,0,NA,4,full,1,0,0,0,0,0,0,0
B1033\.03[1-2][a-c],SCBF designed to AISC minimum standards,Buckling of brace in excess of 2 times brace depth. Yielding and out-of-plane deformation of gusset. Cracking and tearing of welds and gussets adjacent to welds but crack length is less than critical for fracture. Significant yielding and local buckling in beams and columns adjacent to gusset.,2,NA,0,3,10,1,2,0,0,0,0,0,0,0,0,0,0,NA,6,full,1,0,0,0,0,0,0,0
B1033\.03[1-2][a-c],SCBF designed to AISC minimum standards,Fracture of brace or gusset.  Buckling of gusset.  Severe yielding of beams and columns adjacent to the gusset with possibility of local buckling and cracking in the yielded areas.,3,NA,0,3,10,1,2,0,0,0,0,0,0,0,0,0,0,NA,6,full,1,0,0,0,0,0,0,0
B1033\.04[1-3][a-c],SCBF Double Angle Braces,Buckling of the brace has begun but does not exceed the depth of the brace.  Initial yielding of the gusset has begun.  Yielding has initiated in framing at gusset plates but no buckling has occurred.  Residual deformation of the brace has occurred but is barely noticeable to the naked eye and does not exceed half the brace depth.  Residual drift is slight.,1,NA,0,varies,varies,1,0,0,0,0,0,0,0,0,0,0,0,NA,4,full,0,0,0,0,0,0,0,0
B1033\.04[1-3][a-c],SCBF Double Angle Braces,Buckling of brace in excess of the brace depth.  Initiation of yielding and out-of-plane deformation of the gusset.  Initiation of cracking of welds of gusset.  Initiation of yielding in beams and columns adjacent to gusset.,2,NA,0,varies,varies,1,1,0,0,0,0,0,0,0,0,0,0,NA,6,full,1,0,0,0,0,0,0,0
B1033\.04[1-3][a-c],SCBF Double Angle Braces,Fracture of brace or gusset.  Buckling of gusset.  Severe yielding of beams and columns adjacent to the gusset with possibility of local buckling and cracking in the yielded areas.,3,NA,0,varies,varies,1,2,0,0,0,0,0,0,0,0,0,0,NA,6,full,1,0,0,0,0,0,0,0
B1033\.05[1-3][a-c],OCBF Compact Braces,Buckling of the brace has begun but does not exceed the depth of the brace.  Initial yielding of the gusset has begun.  Yielding has initiated in framing at gusset plates but no buckling has occurred.  Residual deformation of the brace has occurred but is barely noticeable to the naked eye and does not exceed half the brace depth.  Residual drift is slight.,1,NA,0,3,7,1,0,0,0,0,0,0,0,0,0,0,0,NA,4,full,0,0,0,0,0,0,0,0
B1033\.05[1-3][a-c],OCBF Compact Braces,Brace has buckled but residual displacement does not exceed two times brace depth.  Brace has not fractured.  Gusset plate exhibits extensive yielding.  Yielding extends well into the members.,2,NA,0,3,7,1,1,0,0,0,0,0,0,0,0,0,0,NA,6,full,1,0,0,0,0,0,0,0
B1033\.05[1-3][a-c],OCBF Compact Braces,"Brace has fractured.  Gusset plate has torn, possibly completely free of framing.  Local buckling of flanges and web of framing members.  Bolt fractures in beam-column connections.",3,NA,0,3,7,1,2,0,0,0,0,0,0,0,0,0,0,NA,6,full,1,0,0,0,0,0,0,0
B1033\.06[1-3][a-c],OCBF designed to ductile slenderness limits,Buckling of brace in excess of the brace depth.  Initiation of yielding and out-of-plane deformation of the gusset.  Initiation of cracking of welds of gusset.  Initiation of yielding in beams and columns adjacent to gusset.,1,NA,0,3,7,1,1,0,0,0,0,0,0,0,0,0,0,NA,4,full,1,0,0,0,0,0,0,0
B1033\.06[1-3][a-c],OCBF designed to ductile slenderness limits,Buckling of brace in excess of 2 times brace depth. Yielding and out-of-plane deformation of gusset. Cracking and tearing of welds and gussets adjacent to welds but crack length is less than critical for fracture. Significant yielding and local buckling in beams and columns adjacent to gusset.,2,NA,0,3,7,1,2,0,0,0,0,0,0,0,0,0,0,NA,6,full,1,0,0,0,0,0,0,0
B1033\.06[1-3][a-c],OCBF designed to ductile slenderness limits,Fracture of brace or gusset.  Buckling of gusset.  Severe yielding of beams and columns adjacent to the gusset with possibility of local buckling and cracking in the yielded areas.  Nearly total loss of lateral resistance.,3,NA,0,3,7,1,2,0,0,0,0,0,0,0,0,0,0,NA,6,full,1,0,0,0,0,0,0,0
B1033\.07\w+,Non Seismic Braces,Fracture of brace or gusset.  Buckling of gusset.  Substantial loss of lateral resistance.,1,NA,0,3,7,1,2,0,0,0,0,0,0,0,0,0,0,NA,6,full,1,0,0,0,0,0,0,0
B1035\.0[0123]\w+,Post Northridge Steel Beam Connection,Local beam flange and web buckling.,1,NA,0,3,7,0,0,0,0,0,0,0,0,0,0,0,0,NA,4,full,0,0,0,0,0,0,0,0
B1035\.0[0123]\w+,Post Northridge Steel Beam Connection,DS1 plus lateral-torsional distortion of beam in hinge region.,2,NA,0,3,7,1,1,0,0,0,0,0,0,0,0,0,0,NA,6,full,1,0,0,0,0,0,0,0
B1035\.0[0123]\w+,Post Northridge Steel Beam Connection,Low-cycle fatigue fracture in buckled region of RBS.,3,NA,0,3,7,1,2,0,0,0,0,0,0,0,0,0,0,NA,6,full,1,0,0,0,0,0,0,0
B1035\.0[45]\w+,Pre-Northridge Steel Beam Connection,"Fracture of lower beam flange weld and failure of web bolts (shear tab connection), with fractures confined to the weld region.",1,1,0,5,30,1,2,0,0,0,0,0,0,0,0,0,0,NA,4,full,1,0,0,0,0,0,0,0
B1035\.0[45]\w+,Pre-Northridge Steel Beam Connection,"Similar to DS1, except that fracture propagates into column flanges.",1,2,0,5,30,1,2,0,0,0,0,0,0,0,0,0,0,NA,4,full,1,0,0,0,0,0,0,0
B1035\.0[45]\w+,Pre-Northridge Steel Beam Connection,"Fracture of upper beam flange weld, without DS1 type damage.  Fracture is confined to beam flange region.",2,1,0,5,30,1,1,0,0,0,0,0,0,0,0,0,0,NA,6,full,1,0,0,0,0,0,0,0
B1035\.0[45]\w+,Pre-Northridge Steel Beam Connection,"Similar to DS3, except that fracture propagates into column flanges.",2,2,0,5,30,1,2,0,0,0,0,0,0,0,0,0,0,NA,6,full,1,0,0,0,0,0,0,0
B1035\.0[45]\w+,Pre-Northridge Steel Beam Connection,"Fracture initiating at weld access hole and propagating through beam flange, possibly accompanied by local buckling deformations of web and flange.",3,NA,0,5,30,1,2,0,0,0,0,0,0,0,0,0,0,NA,6,full,1,0,0,0,0,0,0,0
B1035\.06\w+,EBF Shear Link,Damage to concrete slab above the link beam.,1,NA,0,2,5,0,0,0,0,0,0,0,0,0,0,0,0,NA,4,full,0,0,0,0,0,0,0,0
B1035\.06\w+,EBF Shear Link,"Web local buckling, flange local buckling.",2,NA,0,2,5,1,0,0,0,0,0,0,0,0,0,0,0,NA,4,full,0,0,0,0,0,0,0,0
B1035\.06\w+,EBF Shear Link,Initiation of fracture in the link beam and link flange.,3,NA,0,2,5,1,2,0,0,0,0,0,0,0,0,0,0,NA,6,full,1,0,0,0,0,0,0,0
B1035\.11[12],Simpson Strong Tie Yeild Link,"Fracture of bottom Yield-Link, yielding in upper Yield-Link.  This damage would necessitate replacement of the lower (and possibly upper) Yield-Link.",1,NA,0,3,7,1,2,0,0,0,0,0,0,0,0,0,0,NA,4,full,1,0,0,0,0,0,0,0
B1035\.11[12],Simpson Strong Tie Yeild Link,Local distortion to the beam at the bolt bearing points along the shear link connection.  This damage occurs following Yield-Link fracture and may require further repairs.,2,NA,0,3,7,1,2,0,0,0,0,0,0,0,0,0,0,NA,6,full,1,0,0,0,0,0,0,0
B1035\.11[12],Simpson Strong Tie Yeild Link,Separation of shear tab from column face.,3,NA,0,3,7,1,2,0,0,0,0,0,0,0,0,0,0,NA,6,full,1,0,0,0,0,0,0,0
B1035\.11[34],Simpson Strong Tie Yeild Link High Capacity,Fracture of bottom Yield-Link. This damage would necessitate replacement of the lower (and possibly upper) Yield-Link.,1,NA,0,3,7,1,2,0,0,0,0,0,0,0,0,0,0,NA,4,full,1,0,0,0,0,0,0,0
B1035\.11[34],Simpson Strong Tie Yeild Link High Capacity,Shear failure of up to two horizontal load bolts in the shear panel and local distortion to the shear panel at horizontal load bolts. ,2,1,0,3,7,1,2,0,0,0,0,0,0,0,0,0,0,NA,6,full,1,0,0,0,0,0,0,0
B1035\.11[34],Simpson Strong Tie Yeild Link High Capacity,Shear failure of up to two horizontal load bolts in the shear panel and local distortion to the beam web at horizontal load bolts. ,2,2,0,3,7,1,2,0,0,0,0,0,0,0,0,0,0,NA,6,full,1,0,0,0,0,0,0,0
B1035\.11[34],Simpson Strong Tie Yeild Link High Capacity,Separation of shear tab from column face.,3,NA,0,3,7,1,2,0,0,0,0,0,0,0,0,0,0,NA,6,full,1,0,0,0,0,0,0,0
B1035\.2\w+,SidePlate Connection,Visible weld tearing ? 3 inches at the intersection of the beam flange and top plate.,1,NA,0,3,7,1,1,0,0,0,0,0,0,0,0,0,0,NA,4,full,1,0,0,0,0,0,0,0
B1035\.2\w+,SidePlate Connection,Local flange buckling.,2,NA,0,3,7,1,1,0,0,0,0,0,0,0,0,0,0,NA,4,full,0,0,0,0,0,0,0,0
B1035\.2\w+,SidePlate Connection,Lateral torsional buckling or web local buckling  of beam.,3,NA,0,3,7,1,1,0,0,0,0,0,0,0,0,0,0,NA,6,full,1,0,0,0,0,0,0,0
B1035\.2\w+,SidePlate Connection,Low cycle fatigue cracks on beam flange and potential beam fracture.,4,NA,0,3,7,1,2,0,0,0,0,0,0,0,0,0,0,NA,6,full,1,0,0,0,0,0,0,0
B1035\.3\w+,Durafuse Connection,Damage to Fuse Plate: Tearing or rupture of the fuse plate in the shear yielding region.,1,NA,0,3,7,0,2,0,0,0,0,0,0,0,0,0,0,NA,6,full,0,0,0,0,0,0,0,0
B1035\.3\w+,Durafuse Connection,Beam/Column Deformation: Eccentric loading following fuse plate rupture causes twisting in the column and lateral torsional buckling in the beam. ,2,NA,0,3,7,1,2,0,0,0,0,0,0,0,0,0,0,NA,6,full,0,0,0,0,0,0,0,0
B1041\.(0[358]\w+|10\w+),RC Column Connections OMF with beam failure,Residual crack widths > 0.06 in.  No significant spalling.  No fracture or buckling of reinforcing.,1,NA,0,5,20,0,0,0,0,0,0,0,0,0,0,0,0,NA,4,full,0,0,0,0,0,0,0,0
B1041\.(0[358]\w+|10\w+),RC Column Connections OMF with beam failure,Spalling of cover concrete exposes beam and joint transverse reinforcement but not longitudinal reinforcement.  No fracture or buckling of reinforcing.,2,NA,0,5,20,1,1,0,0,0,0,0,0,0,0,0,0,NA,6,full,1,0,0,0,0,0,0,0
B1041\.(0[358]\w+|10\w+),RC Column Connections OMF with beam failure,Spalling of cover concrete exposes a significant length of beam longitudinal reinforcement. Crushing of core concrete may occur. Fracture or buckling of reinforcing requiring replacement may occur.,3,NA,0,5,20,1,2,0,0,0,0,0,0,0,0,0,0,NA,6,full,1,0,0,0,0,0,0,0
B1041\.(0[469]\w+|11\w+),RC Column Connections with Column Failure ,Columns exhibit residual crack widths > 0.06 in.  No significant spalling.  No fracture or buckling of reinforcing.,1,NA,0,5,20,0,0,0,0,0,0,0,0,0,0,0,0,NA,4,full,0,0,0,0,0,0,0,0
B1041\.(0[469]\w+|11\w+),RC Column Connections with Column Failure ,Spalling of cover concrete exposes column transverse reinforcement but not longitudinal reinforcement.  No fracture or buckling of reinforcing.,2,NA,0,5,20,1,2,0,0,0,0,0,0,0,0,0,0,NA,6,full,1,0,0,0,0,0,0,0
B1041\.(0[469]\w+|11\w+),RC Column Connections with Column Failure ,Spalling of column cover concrete exposes a significant length of column longitudinal reinforcement.  Crushing of column core concrete may occur.  Fracture or buckling of reinforcing requiring replacement may occur.,3,NA,0,5,20,1,3,0,0,0,0,0,0,0,0,0,0,NA,6,full,1,0,0,0,0,0,0,0
B1041\.(07\w+|1[23]\w+),"RC Column Connections with Column Failure w/ hign axial loads, or inadequate development","Beams, columns or joints exhibit residual crack widths > 0.06 in.  No significant spalling.  No fracture or buckling of reinforcing.",1,NA,0,5,20,0,0,0,0,0,0,0,0,0,0,0,0,NA,4,full,0,0,0,0,0,0,0,0
B1041\.(07\w+|1[23]\w+),"RC Column Connections with Column Failure w/ hign axial loads, or inadequate development",Spalling of column cover concrete exposes a significant length of column longitudinal reinforcement.  Crushing of column core concrete may occur.  Fracture or buckling of reinf. requiring replacement may occur.,2,NA,0,5,20,1,3,0,0,0,0,0,0,0,0,0,0,NA,6,full,1,0,0,0,0,0,0,0
B1041\.0[012]\w+,RC Column Connections SMF or IMF,Beams or joints exhibit residual crack widths > 0.06 in.  No significant spalling.  No fracture or buckling of reinforcing.,1,NA,0,5,20,0,0,0,0,0,0,0,0,0,0,0,0,NA,4,full,0,0,0,0,0,0,0,0
B1041\.0[012]\w+,RC Column Connections SMF or IMF,Beams or joints exhibit residual crack widths > 0.06 in. Spalling of cover concrete exposes beam and joint transverse reinforcement but not longitudinal reinforcement. No fracture or buckling of reinforcing.,2,NA,0,5,20,1,1,0,0,0,0,0,0,0,0,0,0,NA,6,full,1,0,0,0,0,0,0,0
B1041\.0[012]\w+,RC Column Connections SMF or IMF,Beams or joints exhibit residual crack widths > 0.06 in. Spalling of cover concrete exposes a significant length of beam longitudinal reinforcement. Crushing of core concrete may occur. Fracture or buckling of reinforcing requiring replacement may occur.,3,1,0,5,20,1,2,0,0,0,0,0,0,0,0,0,0,NA,6,full,1,0,0,0,0,0,0,0
B1041\.0[012]\w+,RC Column Connections SMF or IMF,Beams or joints exhibit residual crack widths > 0.06 in. Spalling of cover concrete exposes beam and joint transverse reinforcement but not longitudinal reinforcement. No fracture or buckling of reinforcing.,3,2,0,5,20,1,1,0,0,0,0,0,0,0,0,0,0,NA,6,full,1,0,0,0,0,0,0,0
B1041\.5\w+,Precast Hybrid Moment Frame,Concrete Spalling: Beams or possibly joints exhibit spalling of cover concrete..,1,NA,0,5,20,0,0,0,0,0,0,0,0,0,0,0,0,NA,4,full,0,0,0,0,0,0,0,0
B1041\.5\w+,Precast Hybrid Moment Frame,Continuity Bars Fracture: One or more mild steel continuity bars fracture in or near the region of the beam column interface such that the strength of the beam column element is decreased by 20%-25%.,2,NA,0,5,20,1,2,0,0,0,0,0,0,0,0,0,0,NA,6,full,1,0,0,0,0,0,0,0
B1041\.5\w+,Precast Hybrid Moment Frame,Post Tension Cable Yields:  The PT strand running through the beam-column section yields.  This damage state will effect all similar fragilities between the PT tendon anchors.,3,NA,0,5,20,1,2,0,0,0,0,0,0,0,0,0,0,NA,6,full,1,0,0,0,0,0,0,0
B1042\.\w+,Concrete Link Beam,"Residual cracks no greater than 1/16 inch.  Cracks are mainly at the beam to wall interface, some limited flexural cracking.",1,NA,0,5,20,0,0,0,0,0,0,0,0,0,0,0,0,NA,4,full,0,0,0,0,0,0,0,0
B1042\.\w+,Concrete Link Beam,Residual cracks greater than 1/8 inch and minor spalling of concrete.,2,NA,0,5,20,0,0,0,0,0,0,0,0,0,0,0,0,NA,4,full,0,0,0,0,0,0,0,0
B1042\.\w+,Concrete Link Beam,"Significant strength degradation (<0.8Vn), buckling or fracture of diagonal reinforcing, crushing of concrete.",3,NA,0,5,20,1,1,0,0,0,0,0,0,0,0,0,0,NA,6,full,1,0,0,0,0,0,0,0
B1044\.(09\w+|1[01]\w+),RC Shear Walls: Flexure Controlled,"Spalling of cover, vertical cracks greater than 1/16 inch.",1,NA,0,3,7,0,0,0,0,0,0,0,0,0,0,0,0,NA,4,full,0,0,0,0,0,0,0,0
B1044\.(09\w+|1[01]\w+),RC Shear Walls: Flexure Controlled,Exposed longitudinal reinforcing.,2,NA,0,3,7,1,1,0,0,0,0,0,0,0,0,0,0,NA,6,full,1,0,0,0,0,0,0,0
B1044\.(09\w+|1[01]\w+),RC Shear Walls: Flexure Controlled,"Core concrete damage, buckled reinforcing, fractured reinforcing, shear failure, web failure, bond slip",3,NA,0,3,7,1,2,0,0,1,0,0,0,0,1,0,1,bay,6,full,1,0,1,0,5,3,3,3
B1044\.0[012]\w+,"RC Shear Walls: Shear Controlled, Rectangular",Cracks with maximum widths greater than 0.04 in but less than 0.12 in.,1,NA,0,3,7,0,0,0,0,0,0,0,0,0,0,0,0,NA,4,full,0,0,0,0,0,0,0,0
B1044\.0[012]\w+,"RC Shear Walls: Shear Controlled, Rectangular",Crushed core concrete; localized concrete cracking with widths greater than 0.12 in; buckling of vertical rebar.,2,NA,0,3,7,1,1,0,0,0,0,0,0,0,0,0,0,NA,6,full,1,0,0,0,0,0,0,0
B1044\.0[012]\w+,"RC Shear Walls: Shear Controlled, Rectangular",Sliding of the wall resulting in large residual displacement; distributed concrete cracking with widths greater than 0.12 in; fracture of rebar.,3,NA,0,3,7,1,2,0,0,1,0,0,0,0,1,0,1,bay,6,full,1,0,1,0,5,3,3,3
B1044\.0[345678]\w+,"RC Shear Walls: Shear Controlled, With Return Flanges or Boundary Columns",Crushed core concrete; localized concrete cracking with widths greater than 0.12 in; buckling of vertical rebar.,1,NA,0,3,7,1,1,0,0,0,0,0,0,0,0,0,0,NA,6,full,1,0,0,0,0,0,0,0
B1044\.0[345678]\w+,"RC Shear Walls: Shear Controlled, With Return Flanges or Boundary Columns",Sliding of the wall resulting in large residual displacement; distributed concrete cracking with widths greater than 0.12 in; fracture of rebar.,2,NA,0,3,7,1,2,0,0,1,0,0,0,0,1,0,1,bay,6,full,1,0,1,0,5,3,3,3
B1044\.2\w+,Precast Tilt up Panel,Residual Cracking requiring epoxy injection,1,NA,0,2,8,0,0,0,0,0,0,0,0,0,0,0,0,NA,4,full,0,0,0,0,0,0,0,0
B1044\.2\w+,Precast Tilt up Panel,Damage State 1 + residual drift requiring realignment,2,NA,0,2,8,1,1,0,0,0,0,0,0,0,0,0,0,NA,6,full,1,0,0,0,0,0,0,0
B1049\.0[13][12],RC Slabs - columns with shear reinforcing,Yield strain of the slab flexural reinforcement has been exceeded.  Spalling of concrete may or may not occur.  Slab exhibits large enough crack widths to allow epoxy injection.,1,NA,0,3,7,0,0,0,0,0,0,0,0,0,0,0,0,NA,4,full,0,0,0,0,0,0,0,0
B1049\.0[13][12],RC Slabs - columns with shear reinforcing,"Punching occurs, causing significant spalling of concrete. Epoxy injection is no longer expected to be sufficient to restore the required strength and stiffness to the slab and the slab-column connection.",2,NA,0,3,7,1,2,0,0,1,0,0,0,0,1,0,1,bay,6,full,1,0,1,0,5,9,9,3
B1049\.\w+a,RC Slabs no continuity reinforcement,Yield strain of the slab flexural reinforcement has been exceeded.  Spalling of concrete may or may not occur.  Slab exhibits large enough crack widths to allow epoxy injection.,1,NA,0,3,7,0,0,0,0,0,0,0,0,0,0,0,0,NA,4,full,0,0,0,0,0,0,0,0
B1049\.\w+a,RC Slabs no continuity reinforcement,Punching occurs causing significant spalling of concrete.,2,NA,0,3,7,1,2,0,0,1,0,0,0,0,1,0,1,bay,6,full,1,0,1,0,5,9,9,3
B1049\.\w+b,RC Slabs with continuity reinforcement,Yield strain of the slab flexural reinforcement has been exceeded.  Spalling of concrete may or may not occur.  Slab exhibits large enough crack widths to allow epoxy injection.,1,NA,0,3,7,0,0,0,0,0,0,0,0,0,0,0,0,NA,4,full,0,0,0,0,0,0,0,0
B1049\.\w+b,RC Slabs with continuity reinforcement,Punching occurs causing significant spalling of concrete.,2,NA,0,3,7,1,2,0,0,1,0,0,0,0,1,0,1,bay,6,full,1,0,1,0,5,9,9,3
B1051\.0[012]1,Special Masonry Walls: shear dominated,First occurrence of major diagonal cracks.  Cracks remain closed with hardly noticeable residual crack widths after load removal.,1,NA,0,2,30,0,0,0,0,0,0,0,0,0,0,0,0,NA,4,full,0,0,0,0,0,0,0,0
B1051\.0[012]1,Special Masonry Walls: shear dominated,Wide diagonal cracks with typically one or more cracks in each direction.  Crushing or spalling at wall toes.,2,NA,0,2,30,1,2,0,0,1,0,0,0,0,1,0,1,bay,6,full,1,0,1,0,5,3,3,3
B1051\.0[012]2,Special Masonry Walls: shear dominated,First occurrence of major diagonal cracks.  Cracks remain closed with hardly noticeable residual crack widths after load removal.,1,NA,0,1,14,0,0,0,0,0,0,0,0,0,0,0,0,NA,4,full,0,0,0,0,0,0,0,0
B1051\.0[012]2,Special Masonry Walls: shear dominated,Wide diagonal cracks with typically one or more cracks in each direction.  Crushing or spalling at wall toes.,2,NA,0,1,14,1,2,0,0,1,0,0,0,0,1,0,1,bay,6,full,1,0,1,0,5,3,3,3
B1051\.0[012]3,Special Masonry Walls: flexure dominated,A few flexural and shear cracks with hardly noticeable residual crack widths.  Slight yielding of extreme vertical reinforcement.  No spalling.  No fracture or buckling of vertical reinforcement.  No structurally significant damage.,1,NA,0,2,30,0,0,0,0,0,0,0,0,0,0,0,0,NA,4,full,0,0,0,0,0,0,0,0
B1051\.0[012]3,Special Masonry Walls: flexure dominated,Numerous flexural and diagonal cracks with residual crack widths less than 1/64 in.  Mild toe crushing with vertical cracks or light spalling at wall toes.  No fracture or buckling of reinforcement.  Small residual deformation.,2,NA,0,2,30,0,0,0,0,0,0,0,0,0,0,0,0,NA,4,full,0,0,0,0,0,0,0,0
B1051\.0[012]3,Special Masonry Walls: flexure dominated,Severe flexural cracks with residual crack widths greater than 1/32 in.  Severe toe crushing and spalling.  Fracture or buckling of vertical reinforcement.  Significant residual deformation.,3,NA,0,2,30,1,2,0,0,1,0,0,0,0,1,0,1,bay,6,full,1,0,1,0,5,3,3,3
B1051\.0[012]4,Special Masonry Walls: flexure dominated,A few flexural and shear cracks with hardly noticeable residual crack widths.  Slight yielding of extreme vertical reinforcement.  No spalling.  No fracture or buckling of vertical reinforcement.  No structurally significant damage.,1,NA,0,1,14,0,0,0,0,0,0,0,0,0,0,0,0,NA,4,full,0,0,0,0,0,0,0,0
B1051\.0[012]4,Special Masonry Walls: flexure dominated,Numerous flexural and diagonal cracks with residual crack widths less than 1/64 in.  Mild toe crushing with vertical cracks or light spalling at wall toes.  No fracture or buckling of reinforcement.  Small residual deformation.,2,NA,0,1,14,0,0,0,0,0,0,0,0,0,0,0,0,NA,4,full,0,0,0,0,0,0,0,0
B1051\.0[012]4,Special Masonry Walls: flexure dominated,Severe flexural cracks with residual crack widths greater than 1/32 in.  Severe toe crushing and spalling.  Fracture or buckling of vertical reinforcement.  Significant residual deformation.,3,NA,0,1,14,1,2,0,0,1,0,0,0,0,1,0,1,bay,6,full,1,0,1,0,5,3,3,3
B1052\.0[012][12],Ordinary Masonry Walls: shear dominated,First occurrence of major diagonal cracks.  Cracks remain closed with hardly noticeable residual crack widths after load removal.,1,NA,0,varies,varies,0,0,0,0,0,0,0,0,0,0,0,0,NA,4,full,0,0,0,0,0,0,0,0
B1052\.0[012][12],Ordinary Masonry Walls: shear dominated,Wide diagonal cracks with typically one or more cracks in each direction.  Crushing or spalling at wall toes.,2,NA,0,varies,varies,1,2,0,0,0,0,0,0,0,0,0,0,NA,6,full,1,0,1,0,5,3,3,3
B1052\.0[012][34],Ordinary Masonry Walls: flexure dominated,A few flexural and shear cracks with hardly noticeable residual crack widths.  Slight yielding of extreme vertical reinforcement.  No spalling.  No fracture or buckling of vertical reinforcement.  No structurally significant damage.,1,NA,0,varies,varies,0,0,0,0,0,0,0,0,0,0,0,0,NA,4,full,0,0,0,0,0,0,0,0
B1052\.0[012][34],Ordinary Masonry Walls: flexure dominated,Numerous flexural and diagonal cracks with residual crack widths less than 1/64 in.  Mild toe crushing with vertical cracks or light spalling at wall toes.  No fracture or buckling of reinforcement.  Small residual deformation.,2,NA,0,varies,varies,0,0,0,0,0,0,0,0,0,0,0,0,NA,4,full,0,0,0,0,0,0,0,0
B1052\.0[012][34],Ordinary Masonry Walls: flexure dominated,Severe flexural cracks with residual crack widths greater than 1/32 in.  Severe toe crushing and spalling.  Fracture or buckling of vertical reinforcement.  Significant residual deformation.,3,NA,0,varies,varies,1,2,0,0,0,0,0,0,0,0,0,0,NA,6,full,1,0,1,0,5,3,3,3
B1061\.001a,Cold Formed Steel Walls with wood structural panel sheathing,Sheathing faster pull through or tear out.  (20% of fasteners.),1,NA,0,2,30,0,1,0,0,0,0,0,0,0,0,0,0,NA,4,full,0,0,0,0,0,0,0,0
B1061\.001a,Cold Formed Steel Walls with wood structural panel sheathing,Failure of structural panels.,2,NA,0,2,30,1,3,1,0,0,0,0,0,1,1,0,1,component,6,full,1,0,0,0,1,0.0625,0.0625,10
B1061\.001a,Cold Formed Steel Walls with wood structural panel sheathing,Failure of wall.,3,NA,0,2,30,1,3,1,0,0,0,0,0,1,1,0,1,component,6,full,1,0,0,0,1,0.0625,0.0625,10
B1061\.001b,Cold Formed Steel Walls with wood structural panel sheathing (heavy clad),Sheathing faster pull through or tear out.  (20% of fasteners.),1,NA,0,2,30,0,1,0,0,0,0,0,0,0,0,0,0,NA,4,full,0,0,0,0,0,0,0,0
B1061\.001b,Cold Formed Steel Walls with wood structural panel sheathing (heavy clad),Failure of structural panels.,2,NA,0,2,30,1,3,1,1,0,0,0,0,1,1,0,1,component,6,full,1,0,0,1,1,0.0625,0.0625,10
B1061\.001b,Cold Formed Steel Walls with wood structural panel sheathing (heavy clad),Failure of wall.,3,NA,0,2,30,1,3,1,1,0,0,0,0,1,1,0,1,component,6,full,1,0,0,1,1,0.0625,0.0625,10
B1061\.011a,Cold Formed Steel Walls with flat strap X bracing,Local buckling of chord studs.,1,NA,0,2,6,1,2,1,0,0,0,0,0,1,1,0,1,component,6,full,0,0,0,0,1,0.0625,0.0625,10
B1061\.011a,Cold Formed Steel Walls with flat strap X bracing,Failure of many framing members and collapse.,2,NA,0,2,6,1,3,1,0,0,0,0,0,1,1,0,1,component,6,full,1,0,0,0,1,0.0625,0.0625,10
B1061\.011b,Cold Formed Steel Walls with flat strap X bracing (heavy clad),Local buckling of chord studs.,1,NA,0,3,8,1,3,1,1,0,0,0,0,1,1,0,1,component,6,full,0,0,0,1,1,0.0625,0.0625,10
B1061\.011b,Cold Formed Steel Walls with flat strap X bracing (heavy clad),Failure of many framing members and collapse.,2,NA,0,3,8,1,3,1,1,0,0,0,0,1,1,0,1,component,6,full,1,0,0,1,1,0.0625,0.0625,10
B1061\.021a,Cold Formed Steel Walls with 22 or 31 mil steel sheathing,Pull out of sheathing fasteners from studs.,1,NA,0,4,11,1,2,0,0,0,0,0,0,0,0,0,0,NA,4,full,0,0,0,0,0,0,0,0
B1061\.021a,Cold Formed Steel Walls with 22 or 31 mil steel sheathing,Buckling of steel sheathing.  Buckling of framing members.,2,NA,0,4,11,1,3,1,0,0,0,0,0,1,1,0,1,component,6,full,1,0,0,0,1,0.0625,0.0625,10
B1061\.021b,Cold Formed Steel Walls with 22 or 31 mil steel sheathing (heavy clad),Pull out of sheathing fasteners from studs.,1,NA,0,2,6,1,2,0,0,0,0,0,0,0,0,0,0,NA,4,full,0,0,0,0,0,0,0,0
B1061\.021b,Cold Formed Steel Walls with 22 or 31 mil steel sheathing (heavy clad),Buckling of steel sheathing.  Buckling of framing members.,2,NA,0,2,6,1,3,1,1,0,0,0,0,1,1,0,1,component,6,full,1,0,0,1,1,0.0625,0.0625,10
B1071\.[02]3\w+,Wood walls with diagonal let in bracing,Failure of diagonal bracing,1,NA,0,4,11,1,3,1,0,0,0,0,0,1,1,0,1,component,6,full,1,0,0,0,1,0.0625,0.0625,10
B1071\.00\w+,Wood Framed Walls with strutural panel sheathing,Slight separation of sheathing or nails which come loose.,1,NA,0,3,8,0,0,0,0,0,0,0,0,0,0,0,0,NA,4,full,0,0,0,0,0,0,0,0
B1071\.00\w+,Wood Framed Walls with strutural panel sheathing,"Permanent rotation of sheathing, tear out of nails or sheathing.",2,NA,0,3,8,1,2,1,0,0,0,0,0,1,1,0,0,NA,6,full,1,0,0,0,1,0.0625,0.0625,10
B1071\.00\w+,Wood Framed Walls with strutural panel sheathing,"Fracture of studs, major sill plate cracking.",3,NA,0,3,8,1,3,1,0,0,0,0,0,1,1,0,1,component,6,full,1,0,0,0,1,0.0625,0.0625,10
B1071\.01\w+,Wood Framed Walls with strutural panel sheathing (heavy clad),Cracking of stucco.,1,NA,0,2,6,0,0,0,0,0,0,0,0,0,0,0,0,NA,4,full,0,0,0,0,0,0,0,0
B1071\.01\w+,Wood Framed Walls with strutural panel sheathing (heavy clad),"Spalling of stucco, separation of stucco and sheathing from studs.",2,NA,0,2,6,1,2,0,1,0,0,0,0,0,0,0,1,component,6,full,1,0,0,1,0,0,0,0
B1071\.01\w+,Wood Framed Walls with strutural panel sheathing (heavy clad),"Fracture of studs, major sill plate cracking.",3,NA,0,2,6,1,3,1,1,0,0,0,0,1,1,0,1,component,6,full,1,0,0,1,1,0.0625,0.0625,10
B1071\.04\w+,Wood wall with only gypsum,"Screws pop-out, minor cracking of wall board, warping or cracking of tape.",1,NA,0,1,10,0,0,0,0,0,0,0,0,0,0,0,0,NA,4,full,0,0,0,0,0,0,0,0
B1071\.04\w+,Wood wall with only gypsum,Moderate cracking or crushing of gypsum wall boards (typically in corners and in corners of openings).,2,NA,0,1,10,1,0,0,0,0,0,0,0,0,0,0,0,NA,6,full,1,0,0,0,0,0,0,0
B1071\.04\w+,Wood wall with only gypsum,Significant cracking and/or crushing of gypsum wall boards- buckling of studs and tearing of tracks.,3,NA,0,1,10,1,3,1,0,0,0,0,0,1,1,0,1,component,6,full,1,0,0,0,1,0.0625,0.0625,10
B1071\.20\w+,Exterior Walls: Wood Light Frame (structural),Slight separation of sheathing or nails which come loose.,1,NA,0,3,8,0,0,0,0,0,0,0,0,0,0,0,0,NA,4,full,0,0,0,0,0,0,0,0
B1071\.20\w+,Exterior Walls: Wood Light Frame (structural),"Permanent rotation of sheathing, tear out of nails or sheathing.",2,NA,0,3,8,1,2,1,0,0,0,0,0,1,1,0,1,component,6,full,1,0,0,0,1,0.0625,0.0625,10
B1071\.20\w+,Exterior Walls: Wood Light Frame (structural),"Fracture of studs, major sill plate cracking.",3,NA,0,3,8,1,3,1,0,0,0,0,0,1,1,0,1,component,6,full,1,0,0,0,1,0.0625,0.0625,10
B1071\.21\w+,"Exterior Walls: Wood Light Frame, Stucco",Cracking of stucco.,1,NA,0,2,6,0,0,0,0,0,0,0,0,0,0,0,0,NA,4,full,0,0,0,0,0,0,0,0
B1071\.21\w+,"Exterior Walls: Wood Light Frame, Stucco","Spalling of stucco, separation of stucco and sheathing from studs.",2,NA,0,2,6,1,2,0,1,0,0,0,0,0,0,0,1,component,6,full,1,0,0,1,0,0,0,0
B1071\.21\w+,"Exterior Walls: Wood Light Frame, Stucco","Fracture of studs, major sill plate cracking.",3,NA,0,2,6,1,3,1,1,0,0,0,0,1,1,0,1,component,6,full,1,0,0,1,1,0.0625,0.0625,10
B1071\.3\w+,Interior Walls: Wood Light Frame,Cracking of paint over fasteners or joints.,1,NA,0,3,8,0,0,0,0,0,0,0,0,0,0,0,0,NA,2,full,0,0,0,0,0,0,0,0
B1071\.3\w+,Interior Walls: Wood Light Frame,Local and global buckling out-of-plane and crushing of gypsum wallboards.  Studs are typically not damaged by failure of the gypsum wallboard.,2,NA,0,3,8,0,0,0,0,0,0,0,0,0,1,0,1,component,4,full,0,0,0,0,1,0.0625,0.0625,10
B1071\.3\w+,Interior Walls: Wood Light Frame,"Local and global buckling out-of-plane and crushing of gypsum wallboards.  Studs are typically not damaged by failure of the gypsum wallboard, but framing adjustments possible for this damage state.",3,NA,0,3,8,1,0,0,0,0,0,0,0,0,1,0,1,component,6,full,0,0,0,0,1,0.0625,0.0625,10
B1071\.3\w+,Interior Walls: Wood Light Frame,"Permanent rotation of sheathing, tear out of nails or sheathing.",4,NA,0,3,8,1,2,0,0,0,0,0,0,0,1,0,1,component,6,full,1,0,0,0,1,0.0625,0.0625,10
B1071\.3\w+,Interior Walls: Wood Light Frame,"Fracture of studs, major sill plate cracking.",5,NA,0,3,8,1,3,0,0,0,0,0,0,0,1,0,1,component,6,full,1,0,0,0,1,0.0625,0.0625,10
B1100\.301,DuraFuse Repair Excessive Residual Drift,Repairable residual drift (1%),1,NA,0,3,7,0,0,0,0,0,0,0,0,0,0,0,0,NA,6,full,0,0,0,0,0,0,0,0
B1100\.301,DuraFuse Repair Excessive Residual Drift,Repairable residual drift (2%),2,NA,0,3,7,0,0,0,0,0,0,0,0,0,0,0,0,NA,6,full,0,0,0,0,0,0,0,0
B1100\.301,DuraFuse Repair Excessive Residual Drift,Repairable residual drift (2.5%),3,NA,0,3,7,0,0,0,0,0,0,0,0,0,0,0,0,NA,6,full,0,0,0,0,0,0,0,0
B2011\.(301|401),Exterior Walls: Wood Light Frame (non-sturcuural with siding),Slight separation of sheathing or nails which come loose.,1,NA,0,3,8,0,0,0,0,0,0,0,0,0,0,0,0,NA,4,rapid,0,0,0,0,0,0,0,0
B2011\.(301|401),Exterior Walls: Wood Light Frame (non-sturcuural with siding),"Permanent rotation of sheathing, tear out of nails or sheathing.",2,NA,0,3,8,0,0,1,0,0,0,0,0,1,1,0,1,component,6,rapid,1,0,0,0,1,0.0625,0.0625,10
B2011\.(301|401),Exterior Walls: Wood Light Frame (non-sturcuural with siding),"Fracture of studs, major sill plate cracking.",3,NA,0,3,8,1,0,1,0,0,0,0,0,1,1,0,1,component,6,full,1,0,0,0,1,0.0625,0.0625,10
B2011\.[12]31,Exterior Wood walls with diagonal let in bracing,Failure of diagonal bracing.,1,NA,0,4,11,1,0,1,0,0,0,0,0,1,1,0,1,component,6,full,1,0,0,0,1,0.0625,0.0625,10
B2011\.011a,Exterior Walls: Cold Form Steel with X bracing or steel sheathing,Local buckling of chord studs.,1,NA,0,2,6,0,0,1,0,0,0,0,0,1,1,0,1,component,6,rapid,0,0,0,0,1,0.0625,0.0625,10
B2011\.011a,Exterior Walls: Cold Form Steel with X bracing or steel sheathing,Failure of many framing members and collapse.,2,NA,0,2,6,1,0,1,0,0,0,0,0,1,1,0,1,component,6,rapid,0,0,0,0,1,0.0625,0.0625,10
B2011\.011b,Exterior Walls: Cold Form Steel with X bracing or steel sheathing (heavy clad),Local buckling of chord studs.,1,NA,0,3,8,0,0,1,1,0,0,0,0,1,1,0,1,component,6,rapid,0,0,0,1,1,0.0625,0.0625,10
B2011\.011b,Exterior Walls: Cold Form Steel with X bracing or steel sheathing (heavy clad),Failure of many framing members and collapse.,2,NA,0,3,8,1,0,1,1,0,0,0,0,1,1,0,1,component,6,full,1,0,0,1,1,0.0625,0.0625,10
B2011\.021a,Exterior Walls: Cold Form Steel with X bracing or steel sheathing,Pull out of sheathing fasteners from studs.,1,NA,0,4,11,0,0,0,0,0,0,0,0,0,0,0,0,NA,6,rapid,0,0,0,0,0,0,0,0
B2011\.021a,Exterior Walls: Cold Form Steel with X bracing or steel sheathing,Buckling of steel sheathing.  Buckling of framing members.,2,NA,0,4,11,1,0,1,0,0,0,0,0,1,1,0,1,component,6,rapid,0,0,0,0,1,0.0625,0.0625,10
B2011\.021b,Exterior Walls: Cold Form Steel with X bracing or steel sheathing (heavy clad),Pull out of sheathing fasteners from studs.,1,NA,0,2,6,0,0,0,0,0,0,0,0,0,0,0,0,NA,6,rapid,0,0,0,0,0,0,0,0
B2011\.021b,Exterior Walls: Cold Form Steel with X bracing or steel sheathing (heavy clad),Buckling of steel sheathing.  Buckling of framing members.,2,NA,0,2,6,1,0,1,1,0,0,0,0,1,1,0,1,component,6,full,1,0,0,1,1,0.0625,0.0625,10
B2011\.001a,Exterior Walls: Cold Form Steel with wood sheathing,Sheathing faster pull through or tear out.  (20% of fasteners.),1,NA,0,6,30,0,0,0,0,0,0,0,0,0,0,0,0,NA,4,rapid,0,0,0,0,0,0,0,0
B2011\.001a,Exterior Walls: Cold Form Steel with wood sheathing,Failure of structural panels.,2,NA,0,6,30,0,0,1,0,0,0,0,0,1,1,0,1,component,6,rapid,1,0,0,0,1,0.0625,0.0625,10
B2011\.001a,Exterior Walls: Cold Form Steel with wood sheathing,Failure of wall.,3,NA,0,6,30,1,0,1,0,0,0,0,0,1,1,0,1,component,6,full,1,0,0,0,1,0.0625,0.0625,10
B2011\.001b,Exterior Walls: Cold Form Steel with wood sheathing (heavy clad),Sheathing faster pull through or tear out.  (20% of fasteners.),1,NA,0,6,30,0,0,0,0,0,0,0,0,0,0,0,0,NA,4,rapid,0,0,0,0,0,0,0,0
B2011\.001b,Exterior Walls: Cold Form Steel with wood sheathing (heavy clad),Failure of structural panels.,2,NA,0,6,30,1,0,1,1,0,0,0,0,1,1,0,1,component,6,rapid,1,0,0,1,1,0.0625,0.0625,10
B2011\.001b,Exterior Walls: Cold Form Steel with wood sheathing (heavy clad),Failure of wall.,3,NA,0,6,30,1,0,1,1,0,0,0,0,1,1,0,1,component,6,full,1,0,0,1,1,0.0625,0.0625,10
B2011\.1(01|21),Exterior Walls: Wood Light Frame (non-sturctural),Slight separation of sheathing or nails which come loose.,1,NA,0,3,8,0,0,0,0,0,0,0,0,0,0,0,0,NA,4,rapid,0,0,0,0,0,0,0,0
B2011\.1(01|21),Exterior Walls: Wood Light Frame (non-sturctural),"Permanent rotation of sheathing, tear out of nails or sheathing.",2,NA,0,3,8,0,0,1,0,0,0,0,0,1,1,0,1,component,6,rapid,1,0,0,0,1,0.0625,0.0625,10
B2011\.1(01|21),Exterior Walls: Wood Light Frame (non-sturctural),"Fracture of studs, major sill plate cracking.",3,NA,0,3,8,1,0,1,0,0,0,0,0,1,1,0,1,component,6,full,1,0,0,0,1,0.0625,0.0625,10
B2011\.102,Exterior Walls: Wood Light Frame (heavy clad),Cracking of stucco.,1,NA,0,4,11,0,0,0,0,0,0,0,0,0,0,0,0,NA,4,rapid,0,0,0,0,0,0,0,0
B2011\.102,Exterior Walls: Wood Light Frame (heavy clad),"Spalling of stucco, separation of stucco and sheathing from studs.",2,NA,0,4,11,1,0,0,1,0,0,0,0,0,0,0,1,component,6,rapid,0,0,0,1,0,0,0,0
B2011\.102,Exterior Walls: Wood Light Frame (heavy clad),"Fracture of studs, major sill plate cracking.",3,NA,0,4,11,1,0,1,1,0,0,0,0,1,1,0,1,component,6,full,1,0,0,1,1,0.0625,0.0625,10
B2011\.111,Exterior Walls: Wood Light Frame (heavy clad),Cracking of stucco.,1,NA,0,2,6,0,0,0,0,0,0,0,0,0,0,0,0,NA,4,rapid,0,0,0,0,0,0,0,0
B2011\.111,Exterior Walls: Wood Light Frame (heavy clad),"Spalling of stucco, separation of stucco and sheathing from studs.",2,NA,0,2,6,1,0,0,1,0,0,0,0,0,0,0,1,component,6,rapid,0,0,0,1,0,0,0,0
B2011\.111,Exterior Walls: Wood Light Frame (heavy clad),"Fracture of studs, major sill plate cracking.",3,NA,0,2,6,1,0,1,1,0,0,0,0,1,1,0,1,component,6,full,1,0,0,1,1,0.0625,0.0625,10
B2011\.20[23]a,Terracotta or Brick Facade over URM infill replace in kind,"Tensile cracking of bed joints of masonry and terracotta tiles at the tops and bottoms of piers/mullions, and face of pier where spandrel connects. Minor cracking may also occur in the masonry and terracotta tiles within the joint bounded by piers and spandrels. Cracking is largely unnoticeable following an earthquake; however, an increased susceptibility to moisture infiltration may exist.    Minor crushing of weaker mortars at the joints between spandrels and piers. Tensile cracks in masonry will continue to extend and grow.",1,NA,0,1,10,0,0,0,0,0,0,0,0,0,0,0,0,NA,5,rapid,0,0,0,0,0,0,0,0
B2011\.20[23]a,Terracotta or Brick Facade over URM infill replace in kind,Tensile cracking extends diagonally across the spandrels (X-pattern). Localized crushing may occur at spandrel corners.,2,NA,0,1,10,0,0,0,0,0,0,0,0,0,0,0,0,NA,5,rapid,0,0,0,0,0,0,0,0
B2011\.20[23]a,Terracotta or Brick Facade over URM infill replace in kind,"More significant tensile cracking and spalling within spandrels, and at corners of piers and mullions.",3,NA,0,1,10,1,0,0,1,0,0,0,0,0,0,0,1,component,5,full,1,0,0,1,0,0,0,0
B2011\.20[23]a,Terracotta or Brick Facade over URM infill replace in kind,"Major damage to masonry elements in the piers, and concrete encasement.",4,NA,0,1,10,1,0,0,1,0,0,0,0,0,0,0,1,component,5,full,1,0,0,1,0,0,0,0
B2011\.20[23]a,Terracotta or Brick Facade over URM infill replace in kind,Substantial damage to framing and facade. Some potential for shedding of pieces of masonry onto streets below,5,NA,0,1,10,1,0,0,1,0,0,0,0,0,0,0,1,component,5,full,1,0,0,1,0,0,0,0
B2011\.20[23]b,Terracotta or Brick Facade over URM infill replace with precast,"Tensile cracking of bed joints of masonry and terracotta tiles at the tops and bottoms of piers/mullions, and face of pier where spandrel connects. Minor cracking may also occur in the masonry and terracotta tiles within the joint bounded by piers and spandrels. Cracking is largely unnoticeable following an earthquake; however, an increased susceptibility to moisture infiltration may exist.    Minor crushing of weaker mortars at the joints between spandrels and piers. Tensile cracks in masonry will continue to extend and grow.",1,NA,0,1,10,0,0,0,0,0,0,0,0,0,0,0,0,NA,5,rapid,0,0,0,0,0,0,0,0
B2011\.20[23]b,Terracotta or Brick Facade over URM infill replace with precast,Tensile cracking extends diagonally across the spandrels (X-pattern). Localized crushing may occur at spandrel corners.,2,NA,0,1,10,0,0,0,0,0,0,0,0,0,0,0,0,NA,5,rapid,0,0,0,0,0,0,0,0
B2011\.20[23]b,Terracotta or Brick Facade over URM infill replace with precast,"More significant tensile cracking and spalling within spandrels, and at corners of piers and mullions.",3,NA,0,1,10,1,0,0,1,0,0,0,0,0,0,0,1,component,5,full,1,0,0,1,0,0,0,0
B2011\.20[23]b,Terracotta or Brick Facade over URM infill replace with precast,"Major damage to masonry elements in the piers, and concrete encasement.",4,NA,0,1,10,1,0,0,1,0,0,0,0,0,0,0,1,component,5,full,1,0,0,1,0,0,0,0
B2011\.201a,Precast Concrete Panels In Plane,"Cladding units damaged by impact at corners at  column covers.  Damage in field is either attributed to natural edge chipping / damage,  or is deemed to not warrant full repair.  Repair assumes cosmetic chip patching.",1,1,0,2,8,0,0,0,0,0,0,0,0,0,0,0,0,NA,5,rapid,0,0,0,0,0,0,0,0
B2011\.201a,Precast Concrete Panels In Plane,Cladding units damaged by impact at corners at  column covers.,1,2,0,2,8,1,0,0,0,0,0,0,0,0,0,0,0,NA,5,full,1,0,0,0,0,0,0,0
B2011\.201b,Precast Concrete Panels OOP,Cladding units damaged by out of plane anchorage failure.  Unit requires replacement.,1,NA,0,2,8,1,0,1,1,0,0,0,0,1,1,0,1,component,5,full,1,0,0,0,4,40,20,4
B2011\.211,"Exterior Walls: Wood Light Frame (stucco, not sturctural)",Cracking of stucco.,1,NA,0,2,6,0,0,0,0,0,0,0,0,0,0,0,0,NA,4,rapid,0,0,0,0,0,0,0,0
B2011\.211,"Exterior Walls: Wood Light Frame (stucco, not sturctural)","Spalling of stucco, separation of stucco and sheathing from studs.",2,NA,0,2,6,1,0,0,1,0,0,0,0,0,0,0,1,component,6,rapid,0,0,0,1,1,0.0625,0.0625,10
B2011\.211,"Exterior Walls: Wood Light Frame (stucco, not sturctural)","Fracture of studs, major sill plate cracking.",3,NA,0,2,6,1,0,1,1,0,0,0,0,1,1,0,1,component,6,full,1,0,0,1,1,0.0625,0.0625,10
B2011\.3[246]1,Cripple Walls: No Stucco,Slight separation of sheathing or nails which come loose.,1,NA,0,3,8,0,0,0,0,0,0,0,0,0,0,0,0,NA,4,rapid,0,0,0,0,0,0,0,0
B2011\.3[246]1,Cripple Walls: No Stucco,"Permanent rotation of sheathing, tear out of nails or sheathing.",2,NA,0,3,8,1,0,0,0,0,0,0,0,0,0,0,0,NA,6,full,1,0,0,0,0,0,0,0
B2011\.3[246]1,Cripple Walls: No Stucco,"Delamination of sheathing, fracture of studs, sill plate damage possible.",3,NA,0,3,8,1,0,1,0,0,0,0,0,0,0,0,1,component,6,full,1,0,0,0,0,0,0,0
B2011\.4[246]1,Cripple Walls: Stucco,"Cracking of stucco, especially at corners and openings (access and utility).",1,NA,0,2,6,0,0,0,0,0,0,0,0,0,0,0,0,NA,4,rapid,0,0,0,0,0,0,0,0
B2011\.4[246]1,Cripple Walls: Stucco,"Spalling of stucco, significant cracking, onset of delamination of stucco from studs and bottom plate.",2,NA,0,2,6,0,0,0,0,0,0,0,0,0,0,0,0,NA,6,rapid,0,0,0,0,0,0,0,0
B2011\.4[246]1,Cripple Walls: Stucco,Delamination of stucco at studs and bottom plate.,3,NA,0,2,6,1,0,1,0,0,0,0,0,0,0,0,1,component,6,full,1,0,0,0,0,0,0,0
B2011\.411,"Exterior Walls: Wood Light Frame (stucco, sturctural)",Cracking of stucco.,1,NA,0,2,6,0,0,0,0,0,0,0,0,0,0,0,0,NA,4,rapid,0,0,0,0,0,0,0,0
B2011\.411,"Exterior Walls: Wood Light Frame (stucco, sturctural)","Spalling of stucco near openings and corners, widespread cracking of stucco.",2,NA,0,2,6,1,0,0,1,0,0,0,0,0,0,0,1,component,6,rapid,0,0,0,1,0,0,0,0
B2011\.411,"Exterior Walls: Wood Light Frame (stucco, sturctural)","Widespread spalling of stucco, delamination of stucco, framing connnections may be loosened.",3,NA,0,2,6,1,0,1,1,0,0,0,0,1,1,0,1,component,6,full,1,0,0,1,1,0.0625,0.0625,10
B2011\.541,Cripple Walls: Horizontal Siding,"Failure of any bracing within framing, cripple wall will need replacement and stregthening.",1,NA,0,4,11,1,0,1,0,0,0,0,0,0,0,0,1,component,6,full,1,0,0,0,0,0,0,0
B2022\.(0[179]\w+|08[34]|[12]\w+),Curtain Walls (3DS),Gasket seal failure.,1,NA,0,20,100,0,0,0,0,0,0,0,0,0,0,0,0,NA,5,rapid,0,0,0,0,0,0,0,0
B2022\.(0[179]\w+|08[34]|[12]\w+),Curtain Walls (3DS),Glass cracking.,2,NA,0,20,100,0,0,0,0,0,0,0,0,0,0,0,0,NA,5,rapid,0,0,0,0,0,0,0,0
B2022\.(0[179]\w+|08[34]|[12]\w+),Curtain Walls (3DS),Glass falls out.,3,NA,0,20,100,1,0,1,1,0,0,0,0,1,1,0,1,component,5,rapid,0,0,0,1,2,0.25,0.25,5
B2022\.0([02456]\w+|8[12]|3[1234789]),Curtain Walls (2DS),Glass cracking.,1,NA,0,20,100,0,0,0,0,0,0,0,0,0,0,0,0,NA,5,rapid,0,0,0,0,0,0,0,0
B2022\.0([02456]\w+|8[12]|3[1234789]),Curtain Walls (2DS),Glass falls from frame.,2,NA,0,20,100,1,0,1,1,0,0,0,0,1,1,0,1,component,5,rapid,0,0,0,1,2,0.25,0.25,5
B2022\.03[56],Curtain Walls (2DS),Glass cracking.,1,NA,0,13,63,0,0,0,0,0,0,0,0,0,0,0,0,NA,5,rapid,0,0,0,0,0,0,0,0
B2022\.03[56],Curtain Walls (2DS),Glass falls from frame.,2,NA,0,13,63,1,0,1,1,0,0,0,0,1,1,0,1,component,5,rapid,0,0,0,1,2,0.25,0.25,5
B2023\.0[0124]\w+,Storefronts (3 DS),Gasket seal failure.,1,NA,0,44,434,0,0,0,0,0,0,0,0,0,0,0,0,NA,5,rapid,0,0,0,0,0,0,0,0
B2023\.0[0124]\w+,Storefronts (3 DS),Glass cracking.,2,NA,0,44,434,0,0,0,0,0,0,0,0,0,0,0,0,NA,5,rapid,0,0,0,0,0,0,0,0
B2023\.0[0124]\w+,Storefronts (3 DS),Glass falls out.,3,NA,0,44,434,1,0,1,1,0,0,0,0,1,1,0,1,component,5,rapid,0,0,0,1,2,0.25,0.25,5
B2023\.03[0-4],"Storefronts (2 DS, monolithic)",Glass cracking.,1,NA,0,20,100,1,0,0,0,0,0,0,0,0,0,0,0,NA,5,rapid,0,0,0,0,0,0,0,0
B2023\.03[0-4],"Storefronts (2 DS, monolithic)",Frame Damage,2,NA,0,20,100,0,0,0,0,0,0,0,0,0,0,0,0,NA,5,rapid,0,0,0,0,0,0,0,0
B2023\.05[1-8],"Storefronts (2 DS, dual pane)",Panel damage (no glass damage).,1,NA,0,20,100,1,0,0,0,0,0,0,0,0,0,0,0,NA,5,rapid,0,0,0,0,0,0,0,0
B2023\.05[1-8],"Storefronts (2 DS, dual pane)",Glass cracks.,2,NA,0,20,100,0,0,0,0,0,0,0,0,0,0,0,0,NA,5,rapid,0,0,0,0,0,0,0,0
B2024\.00[12],Masonry Infill,Light cracking,1,NA,0,2,30,0,0,0,0,0,0,0,0,0,0,0,0,NA,4,full,0,0,0,0,0,0,0,0
B2024\.00[12],Masonry Infill,"Distributed cracking, broken masonry units",2,NA,0,2,30,0,0,0,0,0,0,0,0,0,0,0,0,NA,4,full,0,0,0,0,0,0,0,0
B2024\.00[12],Masonry Infill,Severe cracking and spalling,3,NA,0,2,30,1,2,0,0,0,0,0,0,0,1,0,1,component,6,full,1,0,1,0,1,0.0625,0.0625,10
B3011\.011,Roof tiles,Minor damage; tiles dislodged.,1,NA,0,13,130,0,0,0,0,0,0,0,0,0,0,0,0,NA,5,rapid,0,0,0,0,0,0,0,0
B3011\.011,Roof tiles,Major portion of tile dislodged.,2,NA,0,13,130,1,0,0,1,0,0,0,0,1,0,0,1,component,5,rapid,0,0,0,1,2,4,1,2
B3011\.012,Roof tiles,Minor damage; tiles dislodged.,1,NA,0,5,50,0,0,0,0,0,0,0,0,0,0,0,0,NA,5,rapid,0,0,0,0,0,0,0,0
B3011\.012,Roof tiles,Major portion of tile dislodged.,2,NA,0,5,50,1,0,0,1,0,0,0,0,1,0,0,1,component,5,rapid,0,0,0,1,2,4,1,2
B3011\.01[34],Roof tiles,Minor damage; tiles dislodged.,1,NA,0,1,10,0,0,0,0,0,0,0,0,0,0,0,0,NA,5,rapid,0,0,0,0,0,0,0,0
B3011\.01[34],Roof tiles,Major portion of tile dislodged.,2,NA,0,1,10,1,0,0,1,0,0,0,0,1,0,0,1,component,5,rapid,0,0,0,1,2,4,1,2
B3031\.00[12][a-c],"Masonry chimney (unreinforced, non industrial)","Cracking with offset > 1/16""",1,NA,0,1,5,0,0,0,1,0,0,0,0,0,0,0,0,NA,5,rapid,0,0,0,1,0,0,0,0
B3031\.00[12][a-c],"Masonry chimney (unreinforced, non industrial)",Toppling of all or a portion of the chimney.,2,NA,0,1,5,0,0,0,1,0,0,0,0,0,0,0,0,NA,5,rapid,0,0,0,1,0,0,0,0
B3041\.001,URM Parapet,"Cracking with offset > 1/16""",1,NA,0,10,50,0,0,0,1,0,0,0,0,0,0,0,1,component,5,rapid,0,0,0,0,4,5,5,1
B3041\.001,URM Parapet,Toppling of all or portion of parapet.,2,NA,0,10,50,1,0,0,1,0,0,0,0,0,0,0,1,component,5,full,1,0,0,0,4,2,1,1
C1011\.[23]\w+,Partition Wall and Wall Finishes (wood studs),"minor aesthetic damage (cracking of paint, etc.)",1,NA,0,1,10,0,0,0,0,0,0,0,0,0,0,0,0,NA,2,rapid,0,0,0,0,0,0,0,0
C1011\.[23]\w+,Partition Wall and Wall Finishes (wood studs),"damage to wallboard, not studs",2,NA,0,1,10,0,0,0,0,0,0,0,0,0,0,0,0,NA,5,rapid,0,0,0,0,0,0,0,0
C1011\.[23]\w+,Partition Wall and Wall Finishes (wood studs),damage to studs,3,NA,0,1,10,1,0,0,0,0,0,0,0,0,1,0,1,component,11,rapid,0,0,0,0,1,0.0625,0.0625,10
C1011\.001[abc],Partition Wall and Wall Finishes (metal studs),"Screw pop-out, cracking of wall board, warping or cracking of tape, slight crushing of wall panel at corners.",1,NA,0,1,10,0,0,0,0,0,0,0,0,0,0,0,0,NA,2,rapid,0,0,0,0,0,0,0,0
C1011\.001[abc],Partition Wall and Wall Finishes (metal studs),"Moderate cracking or crushing of gypsum wall boards (typically in corners).  Moderate corner gap openings, bending of boundary studs.",2,NA,0,1,10,0,0,0,0,0,0,0,0,0,0,0,0,NA,5,rapid,0,0,0,0,0,0,0,0
C1011\.001[abc],Partition Wall and Wall Finishes (metal studs),"Buckling of studs and tearing of tracks.  Tearing or bending of top track, tearing at corners with transverse walls, large gap openings, walls displaced.",3,NA,0,1,10,1,0,0,0,0,0,0,0,0,1,0,1,component,11,rapid,0,0,0,0,1,0.0625,0.0625,10
C1011\.001d,Slip Track w/o returns,"Screw pop-out, cracking of wall board, warping or cracking of tape, slight crushing of wall panel at corners.",1,NA,0,1,10,0,0,0,0,0,0,0,0,0,0,0,0,NA,2,rapid,0,0,0,0,0,0,0,0
C1011\.001d,Slip Track w/o returns,"Moderate cracking or crushing of gypsum wall boards (typically in corners).  Moderate corner gap openings, bending of boundary studs.",2,NA,0,1,10,1,0,0,0,0,0,0,0,0,0,0,0,NA,5,rapid,0,0,0,0,0,0,0,0
C1011\.011a,Full Fixed,Cracking of paint over fasteners or joints.,1,NA,0,1,10,0,0,0,0,0,0,0,0,0,0,0,0,NA,2,rapid,0,0,0,0,0,0,0,0
C1011\.011a,Full Fixed,Local and global buckling out-of-plane and crushing of gypsum wallboards.  Studs are typically not damaged by failure of the gypsum wallboard.,2,1,0,1,10,1,0,0,0,0,0,0,0,0,1,0,1,component,5,rapid,0,0,0,0,1,0.0625,0.0625,10
C1011\.011a,Full Fixed,Local and global buckling out-of-plane and crushing of gypsum wallboards.  Studs are typically not damaged by failure of the gypsum wallboard.,2,2,0,1,10,1,0,0,0,0,0,0,0,0,1,0,1,component,11,rapid,0,0,0,0,1,0.0625,0.0625,10
C2011\.\w+,Stairs,Aesthetic damage,1,NA,0,varies,10,0,0,0,0,0,0,0,0,0,0,0,0,NA,2,rapid,0,0,0,0,0,0,0,0
C2011\.\w+,Stairs,"Structural damage, but live load capacity remains intact",2,NA,0,varies,10,1,0,0,0,0,0,0,1,0,0,0,0,NA,3,full,1,0,0,0,0,0,0,0
C2011\.\w+,Stairs,Loss of live load capacity,3,NA,0,varies,10,1,0,0,0,0,0,0,1,0,0,0,0,NA,4,full,1,0,0,0,0,0,0,0
C3011\.00[23][abcd],Tile and Marble Finish,Minor aesthetic damage,1,NA,0,1,3,0,0,0,0,0,0,0,0,0,0,0,0,NA,3,rapid,0,0,0,0,0,0,0,0
C3011\.00[23][abcd],Tile and Marble Finish,Major aesthetic damage,2,NA,0,1,3,1,0,0,0,0,0,0,0,0,1,0,1,component,3,rapid,0,0,0,0,1,0.0625,0.0625,10
C3011\.001[a-d],"Wall Partition, Type: Gypsum + Wallpaper",Wall paper warped and torn.,1,NA,0,1,3,0,0,0,0,0,0,0,0,0,0,0,0,NA,3,rapid,0,0,0,0,0,0,0,0
C3021\.\w+,Generic Floor Covering,Flooding of all or a portion of the total floor associated with a major leakage of a pipe.,1,NA,0,500,2000,1,0,0,0,0,0,0,0,0,0,0,0,NA,5,rapid,0,0,0,0,0,0,0,0
C3027\.\w+,Access Pedastal Flooring,Minor damage to the flooring system.  Damage to the equipment of the flooring system.,1,NA,0,5,20,1,0,0,0,0,0,0,0,0,0,0,0,NA,5,rapid,0,0,0,0,0,0,0,0
C3032\.00[1-4]a,Suspended Ceiling,5 % of ceiling grid and tile damage.,1,NA,0,1,10,1,0,0,0,0,0,0,0,0,0,0,0.05,component,1,rapid,0,0,0,0,0,0,0,0
C3032\.00[1-4]a,Suspended Ceiling,30% of ceiling grid and tile damage.,2,NA,0,1,10,1,0,0,0,1,0,0,0,0,1,0,0.3,component,3,rapid,0,0,0,0,2,0.125,0.125,5
C3032\.00[1-4]a,Suspended Ceiling,50% of ceiling grid and tile damage.,3,NA,0,1,10,1,0,0,0,1,0,0,0,0,1,0,0.5,component,7,rapid,0,0,0,0,2,0.25,0.25,5
C3032\.00[1-4]b,Suspended Ceiling,5 % of ceiling grid and tile damage.,1,NA,0,1,10,1,0,0,0,0,0,0,0,0,0,0,0.05,component,1,rapid,0,0,0,0,0,0,0,0
C3032\.00[1-4]b,Suspended Ceiling,30% of ceiling grid and tile damage.,2,NA,0,1,10,1,0,0,0,1,0,0,0,0,1,0,0.3,component,3,rapid,0,0,0,0,2,0.3125,0.3125,5
C3032\.00[1-4]b,Suspended Ceiling,50% of ceiling grid and tile damage.,3,NA,0,1,10,1,0,0,0,1,0,0,0,0,1,0,0.5,component,7,rapid,0,0,0,0,2,0.625,0.625,5
C3032\.00[1-4]c,Suspended Ceiling,5 % of ceiling grid and tile damage.,1,NA,0,1,10,1,0,0,0,0,0,0,0,0,0,0,0.05,component,1,rapid,0,0,0,0,0,0,0,0
C3032\.00[1-4]c,Suspended Ceiling,30% of ceiling grid and tile damage.,2,NA,0,1,10,1,0,0,0,1,0,0,0,0,1,0,0.3,component,3,rapid,0,0,0,0,2,0.75,0.75,5
C3032\.00[1-4]c,Suspended Ceiling,50% of ceiling grid and tile damage.,3,NA,0,1,10,1,0,0,0,1,0,0,0,0,1,0,0.5,component,7,rapid,0,0,0,0,2,1.5,1.5,5
C3032\.00[1-4]d,Suspended Ceiling,5 % of ceiling grid and tile damage.,1,NA,0,1,10,1,0,0,0,0,0,0,0,0,0,0,0.05,component,1,rapid,0,0,0,0,0,0,0,0
C3032\.00[1-4]d,Suspended Ceiling,30% of ceiling grid and tile damage.,2,NA,0,1,10,1,0,0,0,1,0,0,0,0,1,0,0.3,component,3,rapid,0,0,0,0,2,1,1,5
C3032\.00[1-4]d,Suspended Ceiling,50% of ceiling grid and tile damage.,3,NA,0,1,10,1,0,0,0,1,0,0,0,0,1,0,0.5,component,7,rapid,0,0,0,0,2,2,2,5
C3034\.\w+,Independent Pendant Lighting,"Disassembly of rod system at connections with horizontal light fixture, low cycle fatigue failure of the threaded rod, pullout of rods from ceiling assembly.",1,NA,0,5,10,1,0,0,0,1,0,0,0,0,1,0,100,component,3,rapid,0,0,0,0,2,0.0625,0.0625,5
D1014\.0[34]1,Traction Elevators (HBRG): Machine Room,"Controller anchorage failure, machine anchorage failure, motor Generator anchorage failure, governor anchorage failure, and rope guard/tail sheave anchorage failure. ",1,NA,0,5,10,1,0,0,0,0,0,0,0,0,0,1,0,NA,2,rapid,0,1,0,0,0,0,0,0
D1014\.0[34]2,Traction Elevators (HBRG): Cab and Counterweights,"Car guide shoes damaged, counterweight guide shoes damaged, counterweight  distorted frame, cab ceiling damaged, cab stabilizer brackets bent, and or cab walls, and or cab doors damaged.",1,NA,0,5,10,1,0,0,0,0,0,0,0,0,0,1,0,NA,2,rapid,0,1,0,0,0,0,0,0
D1014\.0[34]3,Traction Elevators (HBRG): Guide Rails,Guide rail distortion,1,NA,0,5,10,1,0,0,0,0,0,0,0,0,0,1,0,NA,2,rapid,0,1,0,0,0,0,0,0
D1014\.0[34]4,Traction Elevators (HBRG): Rail Brackets,"Intermediate guide rail brackets break or bend, car guide rail brackets break or bend, and counterweight guide rail brackets break or bend. ",1,NA,0,5,10,1,0,0,0,0,0,0,0,0,0,1,0,NA,2,rapid,0,1,0,0,0,0,0,0
D1014\.01\w+,Traction Elevators,"Controller anchorage failed, and or machine anchorage failed, and or motor generator anchorage failed, and or governor anchorage failed, and or rope guard failures.",1,1,1,5,10,1,0,0,0,0,0,0,0,0,0,1,0,NA,2,rapid,0,1,0,0,0,0,0,0
D1014\.01\w+,Traction Elevators,"Rail distortion, and or intermediate bracket separate and spread, and or counterweight bracket break or bend, and or car bracket break or bend, and or car guide shoes damaged, and or counterweight guide shoes damaged, and or counterweight frame distortion, and or tail sheave dislodged and/or twisted",1,2,1,5,10,1,0,0,0,0,0,0,0,0,0,1,0,NA,2,rapid,0,1,0,0,0,0,0,0
D1014\.01\w+,Traction Elevators,"Cab stabilizers bent, or cab walls damaged, or cab doors damaged.",1,3,1,5,10,1,0,0,0,0,0,0,0,0,0,1,0,NA,2,rapid,0,1,0,0,0,0,0,0
D1014\.01\w+,Traction Elevators,Cab ceiling damaged.,1,4,1,5,10,0,0,0,0,0,0,0,0,0,0,1,0,NA,2,rapid,0,1,0,0,0,0,0,0
D1014\.02\w+,Hydraulic Elevators,Damaged controls.,1,1,1,5,10,1,0,0,0,0,0,0,0,0,0,1,0,NA,2,rapid,0,0,0,0,0,0,0,0
D1014\.02\w+,Hydraulic Elevators,"Damaged vane and hoist-way switches, and or bent cab stabilizers, and or damaged car guide shoes.",1,2,1,5,10,1,0,0,0,0,0,0,0,0,0,1,0,NA,2,rapid,0,0,0,0,0,0,0,0
D1014\.02\w+,Hydraulic Elevators,"Damaged entrance and car door, and or flooring damage.",1,3,1,5,10,1,0,0,0,0,0,0,0,0,0,1,0,NA,2,rapid,0,1,0,0,0,0,0,0
D1014\.02\w+,Hydraulic Elevators,"Oil leak in hydraulic line, and or hydraulic tank failure.",1,4,1,5,10,1,0,0,0,0,0,0,0,0,0,1,0,NA,2,rapid,0,0,0,0,0,0,0,0
D2021\.01[12]b,"Cold Domestic Piping - Small diameter (brace only), SDC A-C",Lateral Brace Failure - 1 failure per 1000 feet of pipe.,1,NA,0,1,4,0,0,0,0,0,0,0,0,0,0,1,0,NA,3,rapid,0,0,0,0,0,0,0,0
D2021\.01[12]b,"Cold Domestic Piping - Small diameter (brace only), SDC A-C",Vertical Brace Failure - 1 failure per 1000 feet of pipe,2,NA,0,1,4,0,0,0,0,1,0,0,0,0,1,1,1,component,3,rapid,0,0,0,0,0,0,0,0
D2021\.01[1234]a,Cold Domestic Piping - Small diameter (branches),Minor leakage at flange connections - 1 leak per 1000 feet of pipe.,1,NA,0,varies,varies,0,0,0,0,0,0,0,0,0,0,0,0,NA,3,rapid,0,0,0,0,0,0,0,0
D2021\.01[1234]a,Cold Domestic Piping - Small diameter (branches),Pipe Break - 1 break per 1000 feet of pipe.,2,NA,0,varies,varies,1,0,0,0,1,0,0,0,0,1,1,1,component,5,rapid,0,0,0,0,0,0,0,0
D2021\.01[34]b,"Cold Domestic Piping - Small diameter (brace only), SDC D+",Lateral Brace Failure - 1 failure per 1000 feet of pipe.,1,NA,0,3,10,0,0,0,0,0,0,0,0,0,0,1,0,NA,3,rapid,0,0,0,0,0,0,0,0
D2021\.02[1234]a,Cold Domestic Piping - Large diameter (mains),Minor leakage at flange connections - 1 leak per 1000 feet of pipe.,1,NA,0,5,10,0,0,0,0,0,0,0,0,0,0,0,0,NA,3,rapid,0,0,0,0,0,0,0,0
D2021\.02[1234]a,Cold Domestic Piping - Large diameter (mains),Pipe Break - 1 break per 1000 feet of pipe.,2,NA,0,5,10,1,0,0,0,1,0,0,0,0,1,1,1,component,5,rapid,0,0,0,0,0,0,0,0
D2021\.02[34]b,"Cold Domestic Piping - Large diameter (brace only), SDC D+",Lateral Brace Failure - 1 failure per 1000 feet of pipe.,1,NA,0,5,10,0,0,0,0,0,0,0,0,0,0,1,0,NA,3,rapid,0,0,0,0,0,0,0,0
D2021\.02[34]b,"Cold Domestic Piping - Large diameter (brace only), SDC D+",Vertical Brace Failure - 1 failure per 1000 feet of pipe,2,NA,0,5,10,0,0,0,0,1,0,0,0,0,1,1,1,component,3,rapid,0,0,0,0,0,0,0,0
D2022\.01[12]b,"Hot Domestic Piping - Small diameter (bracing), SDC A-C",Isolated support failure w/o leakage - 0.5 support failures per 1000 feet of pipe (assuming supports every 20 feet).,1,NA,0,1,4,0,0,0,0,0,0,0,0,0,0,1,0,NA,3,rapid,0,0,0,0,0,0,0,0
D2022\.01[12]b,"Hot Domestic Piping - Small diameter (bracing), SDC A-C",Multiple supports failure and 60 feet of pipe fail per 1000 feet of pipe (assuming supports every 20 feet).,2,NA,0,1,4,0,0,0,0,1,0,0,0,0,1,1,1,component,3,rapid,0,0,0,0,0,0,0,0
D2022\.01[1234]a,Hot Domestic Piping - Small diameter (branches),Small Leakage at joints - 1 leak per 1000 feet of pipe.,1,NA,0,varies,varies,0,0,0,0,0,0,0,0,0,0,0,0,NA,3,rapid,0,0,0,0,0,0,0,0
D2022\.01[1234]a,Hot Domestic Piping - Small diameter (branches),Large Leakage w/ major repair - 1 leak per 1000 feet of pipe.,2,NA,0,varies,varies,1,0,0,0,1,0,0,0,0,1,1,1,component,5,rapid,0,0,0,0,0,0,0,0
D2022\.01[34]b,"Hot Domestic Piping - Small diameter (bracing), SDC D+",Isolated support failure w/o leakage - 0.5 support failures per 1000 feet of pipe (assuming supports every 20 feet).,1,NA,0,3,10,0,0,0,0,0,0,0,0,0,0,1,0,NA,3,rapid,0,0,0,0,0,0,0,0
D2022\.02[1234]a,Hot Domestic Piping - Large diameter (mains),Minor leakage at flange connections - 1 leak per 1000 feet of pipe.,1,NA,0,5,10,0,0,0,0,0,0,0,0,0,0,0,0,NA,3,rapid,0,0,0,0,0,0,0,0
D2022\.02[1234]a,Hot Domestic Piping - Large diameter (mains),Pipe Break - 1 break per 1000 feet of pipe.,2,NA,0,5,10,1,0,0,0,1,0,0,0,0,1,1,1,component,5,rapid,0,0,0,0,0,0,0,0
D2022\.02[1234]b,Hot Domestic Piping - Large diameter (bracing),Lateral Brace Failure - 1 failure per 1000 foot of pipe.,1,NA,0,5,10,0,0,0,0,0,0,0,0,0,0,1,0,NA,3,rapid,0,0,0,0,0,0,0,0
D2022\.02[1234]b,Hot Domestic Piping - Large diameter (bracing),Vertical Brace Failure - 1 failure per 1000 feet of pipe.,2,NA,0,5,10,0,0,0,0,1,0,0,0,0,1,1,1,component,3,rapid,0,0,0,0,0,0,0,0
D2031.0[12][34]b,Sanitary Waste Bracing SDC D+,Isolated support failure w/o leakage - 0.5 support failures per 1000 feet of pipe (assuming supports every 20 feet).,1,NA,0,5,10,0,0,0,0,0,0,0,0,0,0,1,0,NA,3,rapid,0,0,0,0,0,0,0,0
D2031\.0[12][12]b,Sanitary Waste Bracing SDC A-C,Isolated support failure w/o leakage - 0.5 support failures per 1000 feet of pipe (assuming supports every 20 feet).,1,NA,0,5,10,0,0,0,0,0,0,0,0,0,0,1,0,NA,3,rapid,0,0,0,0,0,0,0,0
D2031\.0[12][12]b,Sanitary Waste Bracing SDC A-C,Multiple supports failure and    60 feet of pipe fail per 1000 feet of pipe (assuming supports every 20 feet).,2,NA,0,5,10,1,0,0,0,0,0,0,0,0,0,1,0,NA,5,rapid,0,0,0,0,0,0,0,0
D2031\.02[1234]a,Sanitary Waste Piping,Joints break - 1 break per 1000 feet of pipe.,1,NA,0,5,10,1,0,0,0,0,0,0,0,0,0,1,0,NA,5,rapid,0,0,0,0,0,0,0,0
D2051\.0[12][1234]a,Chilled Piping,Small/minor leakage,1,NA,0,5,10,0,0,0,0,0,0,0,0,0,0,0,0,NA,3,rapid,0,0,0,0,0,0,0,0
D2051\.0[12][1234]a,Chilled Piping,Large leak/pipe break,2,NA,0,5,10,1,0,0,0,1,0,0,0,0,1,1,1,component,5,rapid,0,0,0,0,0,0,0,0
D2051\.01[12]b,"Chilled Water Piping, Small Diameter (Bracing) SDC A-C",Isolated support failure w/o leakage - 0.5 support failures per 1000 feet of pipe (assuming supports every 20 feet).,1,NA,0,5,10,0,0,0,0,0,0,0,0,0,0,1,0,NA,3,rapid,0,0,0,0,0,0,0,0
D2051\.01[12]b,"Chilled Water Piping, Small Diameter (Bracing) SDC A-C",Multiple supports failure and 60 feet of pipe fail per 1000 feet of pipe (assuming supports every 20 feet).,2,NA,0,5,10,0,0,0,0,1,0,0,0,0,1,1,1,component,3,rapid,0,0,0,0,0,0,0,0
D2051\.01[34]b,"Chilled Water Piping, Small Diameter (Bracing) SDC D+",Isolated support failure w/o leakage - 0.5 support failures per 1000 feet of pipe (assuming supports every 20 feet).,1,NA,0,5,10,0,0,0,0,0,0,0,0,0,0,1,0,NA,3,rapid,0,0,0,0,0,0,0,0
D2051\.02[12]b,"Chilled Water Piping, Large Diameter (Bracing) SDC A-C",Vertical Brace Failure - 1 failure per 1000 feet of pipe.,1,NA,0,5,10,0,0,0,0,1,0,0,0,0,1,1,1,component,3,rapid,0,0,0,0,0,0,0,0
D2051\.02[34]b,"Chilled Water Piping, Large Diameter (Bracing) SDC D+",Lateral brace failure,1,NA,0,5,10,0,0,0,0,0,0,0,0,0,0,1,0,NA,3,rapid,0,0,0,0,0,0,0,0
D2051\.02[34]b,"Chilled Water Piping, Large Diameter (Bracing) SDC D+",Vertical Brace Failure - 1 failure per 1000 feet of pipe.,2,NA,0,5,10,0,0,0,0,1,0,0,0,0,1,1,1,component,3,rapid,0,0,0,0,0,0,0,0
D2061\.01[12]b,Steam Piping - Small diameter (Bracing) SDC A-C,Isolated support failure w/o leakage - 0.5 support failures per 1000 feet of pipe (assuming supports every 20 feet).,1,NA,0,5,10,0,0,0,0,0,0,0,0,0,0,1,0,NA,3,rapid,0,0,0,0,0,0,0,0
D2061\.01[12]b,Steam Piping - Small diameter (Bracing) SDC A-C,Multiple supports failure and 60 feet of pipe fail per 1000 feet of pipe (assuming supports every 20 feet).,2,NA,0,5,10,0,0,0,0,1,0,0,0,0,1,1,1,component,3,rapid,0,0,0,0,0,0,0,0
D2061\.01[1234]a,Steam Piping - Small diameter (branches),Small Leakage at joints - 1 leak per 1000 feet of pipe.,1,NA,0,5,10,0,0,0,0,0,0,0,0,0,0,0,0,NA,3,rapid,0,0,0,0,0,0,0,0
D2061\.01[1234]a,Steam Piping - Small diameter (branches),Large Leakage w/ major repair - 1 leak per 1000 feet of pipe.,2,NA,0,5,10,1,0,0,0,1,0,0,0,0,1,1,1,component,5,rapid,0,0,0,0,0,0,0,0
D2061\.01[34]b,Steam Piping - Small diameter (Bracing) SDC D+,Isolated support failure w/o leakage - 0.5 support failures per 1000 feet of pipe (assuming supports every 20 feet).,1,NA,0,5,10,0,0,0,0,0,0,0,0,0,0,1,0,NA,3,rapid,0,0,0,0,0,0,0,0
D2061\.02[1234]a,Steam Piping - Large diameter (mains),Minor leakage at flange connections - 1 leak per 1000 feet of pipe.,1,NA,0,5,10,0,0,0,0,0,0,0,0,0,0,0,0,NA,3,rapid,0,0,0,0,0,0,0,0
D2061\.02[1234]a,Steam Piping - Large diameter (mains),Pipe Break - 1 break per 1000 feet of pipe.,2,NA,0,5,10,1,0,0,0,1,0,0,0,0,1,1,1,component,5,rapid,0,0,0,0,0,0,0,0
D2061\.02[34]b,Steam Piping - Large diameter (bracing) SDC D+,Lateral Brace Failure - 1 failure per 1000 feet of pipe.,1,NA,0,5,10,0,0,0,0,0,0,0,0,0,0,1,0,NA,3,rapid,0,0,0,0,0,0,0,0
D2061\.02[34]b,Steam Piping - Large diameter (bracing) SDC D+,Vertical Brace Failure - 1 failure per 1000 feet of pipe,2,NA,0,5,10,0,0,0,0,1,0,0,0,0,1,1,1,component,3,rapid,0,0,0,0,0,0,0,0
D3031\.014[abcd],Chiller Equipment,"Damaged, inoperative, repairable.",1,1,0,1,5,1,0,0,0,0,0,0,0,0,0,1,0,NA,3,rapid,0,0,0,0,0,0,0,0
D3031\.014[abcd],Chiller Equipment,Damaged to the extent requiring offsite repair.,1,2,0,1,5,1,0,0,0,0,0,0,0,0,0,1,0,NA,3,rapid,0,1,0,0,0,0,0,0
D3031\.01(1[abcd]|[23][behk]),Chiller Equipment,Inoperative equipment,1,NA,0,1,5,1,0,0,0,0,0,0,0,0,0,1,0,NA,3,rapid,0,1,0,0,0,0,0,0
D3031\.01[23][adgj],Chiller Anchorage,Anchorage failure.,1,1,0,1,5,1,0,0,0,0,0,0,0,0,0,0,0,NA,3,rapid,0,0,0,0,0,0,0,0
D3031\.01[23][adgj],Chiller Anchorage,Anchorage failure & Equipment damaged beyond repair.,1,2,0,1,5,1,0,0,0,0,0,0,0,0,0,1,0,NA,3,rapid,0,1,0,0,0,0,0,0
D3031\.01[23][cfil],Chiller Equipment Anchorage Combined,Anchorage failure.,1,1,0,1,5,1,0,0,0,0,0,0,0,0,0,0,0,NA,3,rapid,0,0,0,0,0,0,0,0
D3031\.01[23][cfil],Chiller Equipment Anchorage Combined,Anchorage failure & Equipment damaged beyond repair.,1,2,0,1,5,1,0,0,0,0,0,0,0,0,0,1,0,NA,3,rapid,0,1,0,0,0,0,0,0
D3031\.01[23][cfil],Chiller Equipment Anchorage Combined,"Damaged, Inoperative but anchorage is OK.",1,3,0,1,5,1,0,0,0,0,0,0,0,0,0,1,0,NA,3,rapid,0,1,0,0,0,0,0,0
D3031\.02(1[abcd]|[23][behk]),Cooling Tower Equipment,"Damaged equipment, requires replacement",1,NA,0,1,5,1,0,0,0,0,0,0,0,0,0,1,0,NA,3,rapid,0,1,0,0,0,0,0,0
D3031\.02[23][adgj],Cooling Tower Anchorage,Anchorage failure.,1,1,0,1,5,1,0,0,0,0,0,0,0,0,0,0,0,NA,3,rapid,0,0,0,0,0,0,0,0
D3031\.02[23][adgj],Cooling Tower Anchorage,Anchorage failure & Equipment damaged beyond repair.,1,2,0,1,5,1,0,0,0,0,0,0,0,0,0,1,0,NA,3,rapid,0,1,0,0,0,0,0,0
D3031\.02[23][cfil],Cooling Tower Equipment Anchorage Combined,Anchorage failure.,1,1,0,1,5,1,0,0,0,0,0,0,0,0,0,0,0,NA,3,rapid,0,0,0,0,0,0,0,0
D3031\.02[23][cfil],Cooling Tower Equipment Anchorage Combined,Anchorage failure & Equipment damaged beyond repair.,1,2,0,1,5,1,0,0,0,0,0,0,0,0,0,1,0,NA,3,rapid,0,1,0,0,0,0,0,0
D3031\.02[23][cfil],Cooling Tower Equipment Anchorage Combined,Damaged equipment and attached piping but anchorage OK.,1,3,0,1,5,1,0,0,0,0,0,0,0,0,0,1,0,NA,3,rapid,0,1,0,0,0,0,0,0
D3032\.014[abcd],Compressor Equipment (RTU),Equipment does not function due to broken connections. Motor has a 40% chance of being damaged.,1,1,0,1,5,1,0,0,0,0,0,0,0,0,0,1,0,NA,3,rapid,0,0,0,0,0,0,0,0
D3032\.014[abcd],Compressor Equipment (RTU),Equipment does not function. Equipment damaged beyond repair.,1,2,0,1,5,1,0,0,0,0,0,0,0,0,0,1,0,NA,3,rapid,0,1,0,0,0,0,0,0
D3032\.01(1[abcd]|[23][behk]),Compressor Equipment (RTU),"Equipment does not function, motor damaged (requires repair)",1,1,0,1,5,1,0,0,0,0,0,0,0,0,0,1,0,NA,3,rapid,0,0,0,0,0,0,0,0
D3032\.01(1[abcd]|[23][behk]),Compressor Equipment (RTU),"Equipment does not function, motor damaged beyond repair",1,2,0,1,5,1,0,0,0,0,0,0,0,0,0,1,0,NA,3,rapid,0,1,0,0,0,0,0,0
D3032\.01[23][adgj],Compressor Anchorage (RTU),Anchorage failure.,1,1,0,1,5,1,0,0,0,0,0,0,0,0,0,0,0,NA,3,rapid,0,0,0,0,0,0,0,0
D3032\.01[23][adgj],Compressor Anchorage (RTU),Anchorage failure & Equipment damaged beyond repair.,1,2,0,1,5,1,0,0,0,0,0,0,0,0,0,1,0,NA,3,rapid,0,1,0,0,0,0,0,0
D3032\.01[23][cfil],Compressor Equip and Anchorage Combo,Anchorage failure.,1,1,0,1,5,1,0,0,0,0,0,0,0,0,0,0,0,NA,3,rapid,0,0,0,0,0,0,0,0
D3032\.01[23][cfil],Compressor Equip and Anchorage Combo,Anchorage failure & Equipment damaged beyond repair.,1,2,0,1,5,1,0,0,0,0,0,0,0,0,0,1,0,NA,3,rapid,0,1,0,0,0,0,0,0
D3032\.01[23][cfil],Compressor Equip and Anchorage Combo,Motor damaged but anchorage is OK.,1,3,0,1,5,1,0,0,0,0,0,0,0,0,0,1,0,NA,3,rapid,0,0,0,0,0,0,0,0
D3032\.01[23][cfil],Compressor Equip and Anchorage Combo,Equipment damaged beyond repair but anchorage is OK.,1,4,0,1,5,1,0,0,0,0,0,0,0,0,0,1,0,NA,3,rapid,0,1,0,0,0,0,0,0
D3041\.0[12]1[abcd],Air distribution systems: Ducting less than 6 sq ft (branches),Individual supports fail and duct sags - 1 failed support per 1000 feet of ducting.,1,NA,0,1,5,0,0,0,0,0,0,0,0,0,0,0,0,NA,3,rapid,0,0,0,0,3,0.5,0.5,2
D3041\.0[12]1[abcd],Air distribution systems: Ducting less than 6 sq ft (branches),Several adjacent supports fail and sections of ducting fall - 60 feet of ducting fail and fall per 1000 foot of ducting.,2,NA,0,1,5,1,0,0,0,1,0,0,0,0,1,1,0.1,component,5,rapid,0,0,0,0,3,1,1,2
D3041\.0[12]2[abcd],Air distribution systems: Ducting greater than 6 sq ft (mains),Individual supports fail and duct sags - 1 failed support per 1000 feet of ducting.,1,NA,0,1,5,0,0,0,0,0,0,0,0,0,0,0,0,NA,3,rapid,0,0,0,0,3,0.5,0.5,2
D3041\.0[12]2[abcd],Air distribution systems: Ducting greater than 6 sq ft (mains),Several adjacent supports fail and sections of ducting fall - 60 feet of ducting fail and fall per 1000 foot of ducting.,2,NA,0,1,5,1,0,0,0,1,0,0,0,0,1,1,0.1,component,5,rapid,0,0,0,0,3,1,1,2
D3041\.001[abcd],Air distribution systems: HVAC Fan with vibration isolator,Bellows fails at fans.,1,NA,0,1,5,1,0,0,0,0,0,0,0,0,0,1,0,NA,3,rapid,0,0,0,0,0,0,0,0
D3041\.001[abcd],Air distribution systems: HVAC Fan with vibration isolator,Fan dislodges from isolators and drops.,2,NA,0,1,5,1,0,0,0,0,0,0,0,0,0,1,0,NA,5,rapid,0,0,0,0,0,0,0,0
D3041\.002[abcd],Air distribution systems: HVAC Fan w/o vibration isolator,Bellows fails at fans.,1,NA,0,1,5,1,0,0,0,0,0,0,0,0,0,1,0,NA,3,rapid,0,0,0,0,0,0,0,0
D3041\.03\w+,Air distribution systems: HVAC drops,HVAC drops or diffusers dislodges and falls.,1,NA,0,1,5,1,0,0,0,1,0,0,0,0,1,1,10,component,3,rapid,0,0,0,0,0,0,0,0
D3041\.04\w+,Air distribution systems: Variable Air Volume,Coil damages connection to plumbing. Leakage of hot water.,1,NA,0,1,5,1,0,0,0,1,0,0,0,0,1,1,10,component,3,rapid,0,0,0,0,0,0,0,0
D3041\.10(1a|2b),HVAC Fan Equipment (exhaust),Inoperative equipment,1,NA,0,1,5,1,0,0,0,0,0,0,0,0,0,1,0,NA,3,rapid,0,1,0,0,0,0,0,0
D3041\.103b,HVAC Fan Equipment (exhaust),"Damaged, inoperative but anchorage is OK.",1,NA,0,1,5,1,0,0,0,0,0,0,0,0,0,1,0,NA,3,rapid,0,0,0,0,0,0,0,0
D3041\.10[23]a,HVAC Fan Anchorage (exhaust),Anchorage failure.,1,1,0,1,5,1,0,0,0,0,0,0,0,0,0,0,0,NA,3,rapid,0,0,0,0,0,0,0,0
D3041\.10[23]a,HVAC Fan Anchorage (exhaust),Anchorage failure & Equipment damaged beyond repair.,1,2,0,1,5,1,0,0,0,0,0,0,0,0,0,1,0,NA,5,rapid,0,1,0,0,0,0,0,0
D3041\.10[23]c,HVAC Fan Equipment Anchorage Combined (exhaust),Anchorage failure.,1,1,0,1,5,1,0,0,0,0,0,0,0,0,0,0,0,NA,3,rapid,0,0,0,0,0,0,0,0
D3041\.10[23]c,HVAC Fan Equipment Anchorage Combined (exhaust),Anchorage failure & Equipment damaged beyond repair.,1,2,0,1,5,1,0,0,0,0,0,0,0,0,0,1,0,NA,3,rapid,0,1,0,0,0,0,0,0
D3041\.10[23]c,HVAC Fan Equipment Anchorage Combined (exhaust),"Damaged, Inoperative but anchorage is OK",1,3,0,1,5,1,0,0,0,0,0,0,0,0,0,1,0,NA,5,rapid,0,0,0,0,0,0,0,0
D3052\.01(1[abcd]|3[behk]),Air handeling Equipment,Equipment damaged - repair,1,1,0,1,5,1,0,0,0,0,0,0,0,0,0,1,0,NA,3,rapid,0,0,0,0,0,0,0,0
D3052\.01(1[abcd]|3[behk]),Air handeling Equipment,Equipment damaged - replace,1,2,0,1,5,1,0,0,0,0,0,0,0,0,0,1,0,NA,3,rapid,0,1,0,0,0,0,0,0
D3052\.013[adgj],Air handeling Anchorage,Anchorage failure.,1,1,0,1,5,1,0,0,0,0,0,0,0,0,0,0,0,NA,3,rapid,0,0,0,0,0,0,0,0
D3052\.013[adgj],Air handeling Anchorage,Anchorage failure & Equipment damaged beyond repair.,1,2,0,1,5,1,0,0,0,0,0,0,0,0,0,1,0,NA,3,rapid,0,1,0,0,0,0,0,0
D3052\.013[cfil],Air Handling Equipment and Anchorage,Anchorage failure.,1,1,0,1,5,1,0,0,0,0,0,0,0,0,0,0,0,NA,3,rapid,0,0,0,0,0,0,0,0
D3052\.013[cfil],Air Handling Equipment and Anchorage,Anchorage failure & Equipment damaged beyond repair.,1,2,0,1,5,1,0,0,0,0,0,0,0,0,0,1,0,NA,3,rapid,0,1,0,0,0,0,0,0
D3052\.013[cfil],Air Handling Equipment and Anchorage,Damage to attached ducting or piping but anchorage is OK.,1,3,0,1,5,1,0,0,0,0,0,0,0,0,0,1,0,NA,3,rapid,0,0,0,0,0,0,0,0
D3052\.013[cfil],Air Handling Equipment and Anchorage,Equipment damaged beyond repair but anchorage is OK.,1,4,0,1,5,1,0,0,0,0,0,0,0,0,0,1,0,NA,3,rapid,0,1,0,0,0,0,0,0
D3067\.01(1a|2b),HVAC Control Panel Equipment,"Equipment damaged - replace parts of equipment (relays, circuit boards)",1,NA,0,1,5,1,0,0,0,0,0,0,0,0,0,1,0,NA,3,rapid,0,0,0,0,0,0,0,0
D3067\.012a,HVAC Control Panel Anchorage,Anchorage failure.,1,1,0,1,5,1,0,0,0,0,0,0,0,0,0,0,0,NA,3,rapid,0,0,0,0,0,0,0,0
D3067\.012a,HVAC Control Panel Anchorage,Anchorage failure & Equipment damaged beyond repair.,1,2,0,1,5,1,0,0,0,0,0,0,0,0,0,1,0,NA,3,rapid,0,0,0,0,0,0,0,0
D3067\.012c,HVAC Control Panel Equipment Anchorage Combined,Anchorage failure.,1,1,0,1,5,1,0,0,0,0,0,0,0,0,0,0,0,NA,3,rapid,0,0,0,0,0,0,0,0
D3067\.012c,HVAC Control Panel Equipment Anchorage Combined,Anchorage failure & Equipment damaged beyond repair.,1,2,0,1,5,1,0,0,0,0,0,0,0,0,0,1,0,NA,3,rapid,0,0,0,0,0,0,0,0
D3067\.012c,HVAC Control Panel Equipment Anchorage Combined,"Damaged, Inoperative but anchorage is OK",1,3,0,1,5,1,0,0,0,0,0,0,0,0,0,1,0,NA,3,rapid,0,0,0,0,0,0,0,0
D4011\.0(3[12]a|[4567]\w+),Fire Sprinkler Water Supply: Fire sprinkler drop 2 DS,Spraying & Dripping Leakage at drop joints - 0.01 leaks per drop.,1,NA,0,2,5,0,0,0,0,0,0,0,0,0,0,0,0,NA,3,rapid,0,0,0,0,0,0,0,0
D4011\.0(3[12]a|[4567]\w+),Fire Sprinkler Water Supply: Fire sprinkler drop 2 DS,Drop Joints Break - Major Leakage - 0.01 breaks per drop.,2,NA,0,2,5,1,0,0,0,0,0,0,0,0,0,1,0,NA,5,rapid,0,0,0,0,0,0,0,0
D4011\.02\w+,Fire Sprinkler Water Supply: Piping and Pipe Bracing,Spraying & Dripping Leakage at joints - 0.02 leaks per 20 ft section of pipe.,1,NA,0,3,10,0,0,0,0,0,0,0,0,0,0,0,0,NA,3,rapid,0,0,0,0,0,0,0,0
D4011\.02\w+,Fire Sprinkler Water Supply: Piping and Pipe Bracing,Joints Break - Major Leakage - 0.02 breaks per 20 ft section of pipe.,2,NA,0,3,10,1,0,0,0,1,0,0,0,0,1,1,1,component,5,rapid,0,0,0,0,0,0,0,0
D4011\.03[34]a,Fire Sprinkler Drop,Spraying & Dripping Leakage at drop joints - 0.01 leaks per drop.,1,NA,0,2,5,0,0,0,0,0,0,0,0,0,0,0,0,NA,5,rapid,0,0,0,0,0,0,0,0
D5011\.01(1[abcd]|3[behk]),Transformer Equipment,"Damaged - Service and repair existing transformer. Transformer tower removed, repaired offsite, and reinstalled.",1,NA,0,1,5,1,0,0,0,0,0,0,0,0,0,1,0,NA,3,rapid,0,0,0,0,0,0,0,0
D5011\.013[adgj],Transformer Anchorage,Anchorage failure.,1,1,0,1,5,1,0,0,0,0,0,0,0,0,0,0,0,NA,3,rapid,0,0,0,0,0,0,0,0
D5011\.013[adgj],Transformer Anchorage,Anchorage failure & Equipment damaged beyond repair.,1,2,0,1,5,1,0,0,0,0,0,0,0,0,0,1,0,NA,3,rapid,0,1,0,0,0,0,0,0
D5011\.013[cfil],Transformer Equipment Anchorage Combined,Anchorage failure.,1,1,0,1,5,1,0,0,0,0,0,0,0,0,0,0,0,NA,3,rapid,0,0,0,0,0,0,0,0
D5011\.013[cfil],Transformer Equipment Anchorage Combined,Anchorage failure & Equipment damaged beyond repair.,1,2,0,1,5,1,0,0,0,0,0,0,0,0,0,1,0,NA,3,rapid,0,1,0,0,0,0,0,0
D5011\.013[cfil],Transformer Equipment Anchorage Combined,"Damaged, Inoperative but anchorage is OK.",1,3,0,1,5,1,0,0,0,0,0,0,0,0,0,1,0,NA,3,rapid,0,0,0,0,0,0,0,0
D5012\.013[ac],Motor Control Center Equipment,damaged - replace,1,NA,0,1,5,1,0,0,0,0,0,0,0,0,0,1,0,NA,3,rapid,0,0,0,0,0,0,0,0
D5012\.013b,Motor Control Center Anchorage,Anchorage failure.,1,1,0,1,5,1,0,0,0,0,0,0,0,0,0,0,0,NA,3,rapid,0,0,0,0,0,0,0,0
D5012\.013b,Motor Control Center Anchorage,Anchorage failure & Equipment damaged beyond repair.,1,2,0,1,5,1,0,0,0,0,0,0,0,0,0,1,0,NA,3,rapid,0,0,0,0,0,0,0,0
D5012\.013d,Motor Control Center Equipment Anchorage Combined,Anchorage failure.,1,1,0,1,5,1,0,0,0,0,0,0,0,0,0,0,0,NA,3,rapid,0,0,0,0,0,0,0,0
D5012\.013d,Motor Control Center Equipment Anchorage Combined,Anchorage failure & Equipment damaged beyond repair.,1,2,0,1,5,1,0,0,0,0,0,0,0,0,0,1,0,NA,3,rapid,0,0,0,0,0,0,0,0
D5012\.013d,Motor Control Center Equipment Anchorage Combined,"Damaged, Inoperative but anchorage is OK.",1,3,0,1,5,1,0,0,0,0,0,0,0,0,0,1,0,NA,3,rapid,0,0,0,0,0,0,0,0
D5012\.02(1[abcd]|3[behk]),Switchgear Equipment,"Damaged, replace parts of equipment",1,NA,0,1,5,1,0,0,0,0,0,0,0,0,0,1,0,NA,3,rapid,0,1,0,0,0,0,0,0
D5012\.023[adgj],Switchgear Anchorage,Anchorage failure.,1,1,0,1,5,1,0,0,0,0,0,0,0,0,0,0,0,NA,3,rapid,0,0,0,0,0,0,0,0
D5012\.023[adgj],Switchgear Anchorage,Anchorage failure & Equipment damaged beyond repair.,1,2,0,1,5,1,0,0,0,0,0,0,0,0,0,1,0,NA,3,rapid,0,1,0,0,0,0,0,0
D5012\.023[cfil],Switchgear Equipment Anchorage Combined,Anchorage failure.,1,1,0,1,5,1,0,0,0,0,0,0,0,0,0,0,0,NA,3,rapid,0,0,0,0,0,0,0,0
D5012\.023[cfil],Switchgear Equipment Anchorage Combined,Anchorage failure & Equipment damaged beyond repair.,1,2,0,1,5,1,0,0,0,0,0,0,0,0,0,1,0,NA,3,rapid,0,1,0,0,0,0,0,0
D5012\.023[cfil],Switchgear Equipment Anchorage Combined,"Damaged, Inoperative but anchorage is OK.",1,3,0,1,5,1,0,0,0,0,0,0,0,0,0,1,0,NA,3,rapid,0,1,0,0,0,0,0,0
D5012\.03(1[abcd]|3[behk]),Distribution Panel Equipment,"Damaged, inoperative but anchorage is OK.",1,NA,0,1,5,1,0,0,0,0,0,0,0,0,0,1,0,NA,3,rapid,0,1,0,0,0,0,0,0
D5012\.033[adgj],Distribution Panel Anchorage,Anchorage failure.,1,1,0,1,5,1,0,0,0,0,0,0,0,0,0,0,0,NA,3,rapid,0,0,0,0,0,0,0,0
D5012\.033[adgj],Distribution Panel Anchorage,Anchorage failure & Equipment damaged beyond repair.,1,2,0,1,5,1,0,0,0,0,0,0,0,0,0,1,0,NA,3,rapid,0,1,0,0,0,0,0,0
D5012\.033[cfil],Distribution Panel Equipment Anchorage Combined,Anchorage failure.,1,1,0,1,5,1,0,0,0,0,0,0,0,0,0,0,0,NA,3,rapid,0,0,0,0,0,0,0,0
D5012\.033[cfil],Distribution Panel Equipment Anchorage Combined,Anchorage failure & Equipment damaged beyond repair.,1,2,0,1,5,1,0,0,0,0,0,0,0,0,0,1,0,NA,3,rapid,0,1,0,0,0,0,0,0
D5012\.033[cfil],Distribution Panel Equipment Anchorage Combined,"Damaged, Inoperative but anchorage is OK.",1,3,0,1,5,1,0,0,0,0,0,0,0,0,0,1,0,NA,3,rapid,0,1,0,0,0,0,0,0
D5092\.01(1a|3b),Battery Rack Equipment,"Batteries fall, crack cases, dislodge conductors, or are otherwise damaged",1,1,0,1,5,1,0,0,0,0,0,0,0,0,0,1,0,NA,3,rapid,0,1,0,0,0,0,0,0
D5092\.01(1a|3b),Battery Rack Equipment,Batteries spill battery acid.,1,2,0,1,5,1,0,0,0,0,0,0,0,0,0,1,0,NA,3,rapid,0,0,0,0,0,0,0,0
D5092\.01(1a|3b),Battery Rack Equipment,Battery rack collapses.,1,3,0,1,5,1,0,0,0,0,0,0,0,0,0,1,0,NA,3,rapid,0,1,0,0,0,0,0,0
D5092\.013a,Battery Rack Anchorage,Anchorage failure.,1,1,0,1,5,1,0,0,0,0,0,0,0,0,0,0,0,NA,3,rapid,0,0,0,0,0,0,0,0
D5092\.013a,Battery Rack Anchorage,Anchorage failure & Equipment damaged beyond repair.,1,2,0,1,5,1,0,0,0,0,0,0,0,0,0,1,0,NA,3,rapid,0,1,0,0,0,0,0,0
D5092\.013c,Battery Rack Equipment Anchorage Combined,Anchorage failure.,1,1,0,1,5,1,0,0,0,0,0,0,0,0,0,0,0,NA,3,rapid,0,0,0,0,0,0,0,0
D5092\.013c,Battery Rack Equipment Anchorage Combined,Anchorage failure & Equipment damaged beyond repair.,1,2,0,1,5,1,0,0,0,0,0,0,0,0,0,1,0,NA,3,rapid,0,1,0,0,0,0,0,0
D5092\.013c,Battery Rack Equipment Anchorage Combined,Equipment is damaged and inoperative.,1,3,0,1,5,1,0,0,0,0,0,0,0,0,0,1,0,NA,3,rapid,0,1,0,0,0,0,0,0
D5092\.013c,Battery Rack Equipment Anchorage Combined,Equipment is damaged and inoperative.,1,4,0,1,5,1,0,0,0,0,0,0,0,0,0,1,0,NA,3,rapid,0,1,0,0,0,0,0,0
D5092\.013c,Battery Rack Equipment Anchorage Combined,Equipment is damaged and inoperative.,1,5,0,1,5,1,0,0,0,0,0,0,0,0,0,1,0,NA,3,rapid,0,1,0,0,0,0,0,0
D5092\.02(1a|3b),Battery Charger Equipment,"Damaged, inoperative but anchorage is OK.",1,1,0,1,5,1,0,0,0,0,0,0,0,0,0,1,0,NA,3,rapid,0,0,0,0,0,0,0,0
D5092\.02(1a|3b),Battery Charger Equipment,"Damaged, inoperative but anchorage is OK. Equipment damaged beyond repair.",1,2,0,1,5,1,0,0,0,0,0,0,0,0,0,1,0,NA,3,rapid,0,1,0,0,0,0,0,0
D5092\.023a,Battery Charger Anchorage,Anchorage failure.,1,1,0,1,5,1,0,0,0,0,0,0,0,0,0,0,0,NA,3,rapid,0,0,0,0,0,0,0,0
D5092\.023a,Battery Charger Anchorage,Anchorage failure & Equipment damaged beyond repair.,1,2,0,1,5,1,0,0,0,0,0,0,0,0,0,1,0,NA,3,rapid,0,1,0,0,0,0,0,0
D5092\.023c,Battery Charger Equipment Anchorage Combined,Anchorage failure.,1,1,0,1,5,1,0,0,0,0,0,0,0,0,0,0,0,NA,3,rapid,0,0,0,0,0,0,0,0
D5092\.023c,Battery Charger Equipment Anchorage Combined,Anchorage failure & Equipment damaged beyond repair.,1,2,0,1,5,1,0,0,0,0,0,0,0,0,0,1,0,NA,3,rapid,0,1,0,0,0,0,0,0
D5092\.023c,Battery Charger Equipment Anchorage Combined,Equipment is damaged and inoperative.,1,3,0,1,5,1,0,0,0,0,0,0,0,0,0,1,0,NA,3,rapid,0,0,0,0,0,0,0,0
D5092\.023c,Battery Charger Equipment Anchorage Combined,Equipment is damaged and inoperative.,1,4,0,1,5,1,0,0,0,0,0,0,0,0,0,1,0,NA,3,rapid,0,1,0,0,0,0,0,0
D5092\.03(1[abcd]|[23][behk]),Diesel Generator Equipment, Pipes and nozzles damaged,1,1,0,1,5,1,0,0,0,0,0,0,0,0,0,1,0,NA,3,rapid,0,0,0,0,0,0,0,0
D5092\.03(1[abcd]|[23][behk]),Diesel Generator Equipment,Drive shaft misalignment,1,2,0,1,5,1,0,0,0,0,0,0,0,0,0,1,0,NA,3,rapid,0,0,0,0,0,0,0,0
D5092\.03(1[abcd]|[23][behk]),Diesel Generator Equipment,"Minor electrical damage, e.g., failed relay",1,3,0,1,5,1,0,0,0,0,0,0,0,0,0,1,0,NA,3,rapid,0,0,0,0,0,0,0,0
D5092\.03(1[abcd]|[23][behk]),Diesel Generator Equipment,Exhaust line disconnected at expansion bellows,1,4,0,1,5,1,0,0,0,0,0,0,0,0,0,1,0,NA,3,rapid,0,0,0,0,0,0,0,0
D5092\.03[23][adgj],Diesel Generator Anchorage,Anchorage failure.,1,1,0,1,5,1,0,0,0,0,0,0,0,0,0,0,0,NA,3,rapid,0,0,0,0,0,0,0,0
D5092\.03[23][adgj],Diesel Generator Anchorage,Anchorage failure & Equipment damaged beyond repair.,1,2,0,1,5,1,0,0,0,0,0,0,0,0,0,1,0,NA,3,rapid,0,1,0,0,0,0,0,0
D5092\.03[23][cfil],Diesel Generator Equipment Anchorage Combined,Anchorage failure.,1,1,0,1,5,1,0,0,0,0,0,0,0,0,0,0,0,NA,3,rapid,0,0,0,0,0,0,0,0
D5092\.03[23][cfil],Diesel Generator Equipment Anchorage Combined,Anchorage failure & Equipment damaged beyond repair.,1,2,0,1,5,1,0,0,0,0,0,0,0,0,0,1,0,NA,3,rapid,0,1,0,0,0,0,0,0
D5092\.03[23][cfil],Diesel Generator Equipment Anchorage Combined,"Damaged, Inoperative but anchorage is OK",1,3,0,1,5,1,0,0,0,0,0,0,0,0,0,1,0,NA,3,rapid,0,0,0,0,0,0,0,0
D5092\.03[23][cfil],Diesel Generator Equipment Anchorage Combined,Equipment is damaged and inoperative but anchorage is OK.,1,4,0,1,5,1,0,0,0,0,0,0,0,0,0,1,0,NA,3,rapid,0,0,0,0,0,0,0,0
D5092\.03[23][cfil],Diesel Generator Equipment Anchorage Combined,Equipment is damaged and inoperative but anchorage is OK.,1,5,0,1,5,1,0,0,0,0,0,0,0,0,0,1,0,NA,3,rapid,0,0,0,0,0,0,0,0
E1028\.(00\d|011|02[13]|031|104),Hospital Equipment (velocity sensitive),"Damaged, repairable",1,NA,0,1,5,0,0,0,0,0,0,0,0,0,0,0,0,NA,3,rapid,0,0,0,0,0,0,0,0
E1028\.(00\d|011|02[13]|031|104),Hospital Equipment (velocity sensitive),"Damaged, irreparable",2,NA,0,1,5,0,0,0,0,0,0,0,0,0,0,0,0,NA,3,rapid,0,1,0,0,0,0,0,0
"E1028\.(022|10[1-3,5-8]|[2-5].*)",Hospital Equipment (accel sensitive),"Damaged, repairable",1,1,0,1,5,0,0,0,0,0,0,0,0,0,0,0,0,NA,3,rapid,0,0,0,0,0,0,0,0
"E1028\.(022|10[1-3,5-8]|[2-5].*)",Hospital Equipment (accel sensitive),"Damaged, irreparable",1,2,0,1,5,0,0,0,0,0,0,0,0,0,0,0,0,NA,3,rapid,0,1,0,0,0,0,0,0
E1099\.100[a-c],"Generic Acceleration Equipment, 2 Damage States",Equipment damaged but repairable. ,1,1,0,1,5,0,0,0,0,0,0,0,0,0,0,0,0,NA,3,rapid,0,0,0,0,0,0,0,0
E1099\.100[a-c],"Generic Acceleration Equipment, 2 Damage States",Equipment damaged requiring replacement. ,1,2,0,1,5,0,0,0,0,0,0,0,0,0,0,0,0,NA,3,rapid,0,0,0,0,0,0,0,0
E1099\.101[a-c],"Generic Acceleration Equipment, 1 Damage State",Equipment damaged. ,1,NA,0,varies,5,0,0,0,0,0,0,0,0,0,0,0,0,NA,3,rapid,0,0,0,0,0,0,0,0
F1012\.001,Storage Racks,Significant merchandise shedding from rack shelves.,1,1,0,26,260,0,0,0,0,1,0,0,0,0,1,0,1,component,3,rapid,0,0,0,0,1,2,2,10
F1012\.001,Storage Racks,Significant structural damage to rack structure.,1,2,0,26,260,0,0,0,0,1,0,0,0,0,1,0,2,component,3,rapid,0,0,0,0,1,5,5,10
E2022\.00[0-3],Modular Office Work Stations,Wall units need to be adjusted and straightened.  Some elements are bent / damaged and need to be replaced.,1,NA,0,1,1,0,0,0,0,0,0,0,0,0,1,0,10,component,3,rapid,0,0,0,0,1,0.125,0.125,10
E2022\.01[0-3],Fragile content on shelves and desks,Object falls off shelf or shelf overturns and object breaks or object breaks within cabinet.,1,NA,0,1,1,0,0,0,0,0,0,0,0,0,1,0,10,component,3,rapid,0,0,0,0,1,0.0625,0.0625,10
E2022\.02[0-3],Electronic Equipment,"Falls, does not function.",1,NA,0,1,1,0,0,0,0,0,0,0,0,0,1,0,10,component,3,rapid,0,0,0,0,1,0.0625,0.0625,10
E2022\.10[2-6][ab],Bookcase,Book case falls over and contents are scattered.  Likely damage to bookcase.,1,NA,0,1,1,0,0,0,0,1,0,0,0,0,1,0,50,component,3,rapid,0,0,0,0,1,0.125,0.125,10
E2022\.1[12][245][ab],Filing Cabinent,Filing cabinet falls over and contents are scattered.  Likely damage to file cabinet.,1,NA,0,1,1,0,0,0,0,0,0,0,0,0,1,0,10,component,3,rapid,0,0,0,0,1,0.125,0.125,10
